Time[s], BSYNC, SPI, COPY
0.47527765, 0, 0, 0
0.47532323, 1, 0, 0
0.47532368, 0, 0, 0
0.47536925, 1, 0, 0
0.47536970, 0, 0, 0
0.47541528, 1, 0, 0
0.47541573, 0, 0, 0
0.47546130, 1, 0, 0
0.47546175, 0, 0, 0
0.47546280, 1, 0, 0
0.47550778, 0, 0, 0
0.47550879, 1, 0, 0
0.47555380, 0, 0, 0
0.47555485, 1, 0, 0
0.47559983, 0, 0, 0
0.47560084, 1, 0, 0
0.47564585, 0, 0, 0
0.47564690, 1, 0, 0
0.47569187, 0, 0, 0
0.47569292, 1, 0, 0
0.47573790, 0, 0, 0
0.47573891, 1, 0, 0
0.47578392, 0, 0, 0
0.47578497, 1, 0, 0
0.47582995, 0, 0, 0
0.47583096, 1, 0, 0
0.47587597, 0, 0, 0
0.47587702, 1, 0, 0
0.47592200, 0, 0, 0
0.47592301, 1, 0, 0
0.47596802, 0, 0, 0
0.47596907, 1, 0, 0
0.47601405, 0, 0, 0
0.47601506, 1, 0, 0
0.47606007, 0, 0, 0
0.47606112, 1, 0, 0
0.47610610, 0, 0, 0
0.47610711, 1, 0, 0
0.47615212, 0, 0, 0
0.47615317, 1, 0, 0
0.47619814, 0, 0, 0
0.47619919, 1, 0, 0
0.47624417, 0, 0, 0
0.47624518, 1, 0, 0
0.47629019, 0, 0, 0
0.47629124, 1, 0, 0
0.47633622, 0, 0, 0
0.47633723, 1, 0, 0
0.47638224, 0, 0, 0
0.47638329, 1, 0, 0
0.47642827, 0, 0, 0
0.47642928, 1, 0, 0
0.47647429, 0, 0, 0
0.47647534, 1, 0, 0
0.47652032, 0, 0, 0
0.47652133, 1, 0, 0
0.47656634, 0, 0, 0
0.47656739, 1, 0, 0
0.47661236, 0, 0, 0
0.47661338, 1, 0, 0
0.47665839, 0, 0, 0
0.47665944, 1, 0, 0
0.47670441, 0, 0, 0
0.47670546, 1, 0, 0
0.47675044, 0, 0, 0
0.47675145, 1, 0, 0
0.47679646, 0, 0, 0
0.47679751, 1, 0, 0
0.47684249, 0, 0, 0
0.47684350, 1, 0, 0
0.47684922, 1, 1, 0
0.47684947, 1, 0, 0
0.47685016, 1, 1, 0
0.47685053, 1, 0, 0
0.47685422, 1, 1, 0
0.47685453, 1, 0, 0
0.47685529, 1, 1, 0
0.47685541, 1, 0, 0
0.47685578, 1, 1, 0
0.47685591, 1, 0, 0
0.47685673, 1, 1, 0
0.47685697, 1, 0, 0
0.47685722, 1, 1, 0
0.47685747, 1, 0, 0
0.47685816, 1, 1, 0
0.47685854, 1, 0, 0
0.47685878, 1, 1, 0
0.47685891, 1, 0, 0
0.47685916, 1, 1, 0
0.47685941, 1, 0, 0
0.47685966, 1, 1, 0
0.47686004, 1, 0, 0
0.47686015, 1, 1, 0
0.47686016, 1, 0, 0
0.47686072, 1, 1, 0
0.47686097, 1, 0, 0
0.47686116, 1, 1, 0
0.47686154, 1, 0, 0
0.47686216, 1, 1, 0
0.47686254, 1, 0, 0
0.47686266, 1, 1, 0
0.47686304, 1, 0, 0
0.47686322, 1, 1, 0
0.47686348, 1, 0, 0
0.47686366, 1, 1, 0
0.47686404, 1, 0, 0
0.47688851, 0, 0, 0
0.47688956, 1, 0, 0
0.47689442, 1, 1, 0
0.47689443, 1, 0, 0
0.47689517, 1, 1, 0
0.47689518, 1, 0, 0
0.47689942, 1, 1, 0
0.47689943, 1, 0, 0
0.47690087, 1, 1, 0
0.47690093, 1, 0, 0
0.47690317, 1, 1, 0
0.47690318, 1, 0, 0
0.47690367, 1, 1, 0
0.47690368, 1, 0, 0
0.47690417, 1, 1, 0
0.47690418, 1, 0, 0
0.47690567, 1, 1, 0
0.47690568, 1, 0, 0
0.47690667, 1, 1, 0
0.47690668, 1, 0, 0
0.47690717, 1, 1, 0
0.47690718, 1, 0, 0
0.47690868, 1, 1, 0
0.47690869, 1, 0, 0
0.47690918, 1, 1, 0
0.47690919, 1, 0, 0
0.47691168, 1, 1, 0
0.47691169, 1, 0, 0
0.47691237, 1, 1, 0
0.47691244, 1, 0, 0
0.47691337, 1, 1, 0
0.47691344, 1, 0, 0
0.47693454, 0, 0, 0
0.47693559, 1, 0, 0
0.47694770, 1, 1, 0
0.47694771, 1, 0, 0
0.47694971, 1, 1, 0
0.47694977, 1, 0, 0
0.47695020, 1, 1, 0
0.47695021, 1, 0, 0
0.47695170, 1, 1, 0
0.47695171, 1, 0, 0
0.47695221, 1, 1, 0
0.47695227, 1, 0, 0
0.47695270, 1, 1, 0
0.47695271, 1, 0, 0
0.47698056, 0, 0, 0
0.47698161, 1, 0, 0
0.47699585, 1, 1, 0
0.47699586, 1, 0, 0
0.47702659, 0, 0, 0
0.47702760, 1, 0, 0
0.47703576, 1, 1, 0
0.47703613, 1, 0, 0
0.47704175, 1, 1, 0
0.47704176, 1, 0, 0
0.47704225, 1, 1, 0
0.47704257, 1, 0, 0
0.47704375, 1, 1, 0
0.47704407, 1, 0, 0
0.47704425, 1, 1, 0
0.47704426, 1, 0, 0
0.47704475, 1, 1, 0
0.47704476, 1, 0, 0
0.47704526, 1, 1, 0
0.47704557, 1, 0, 0
0.47704676, 1, 1, 0
0.47704707, 1, 0, 0
0.47704732, 1, 1, 0
0.47704757, 1, 0, 0
0.47707261, 0, 0, 0
0.47707366, 1, 0, 0
0.47707827, 1, 1, 0
0.47707830, 1, 0, 0
0.47707831, 1, 1, 0
0.47707865, 1, 0, 0
0.47708328, 1, 1, 0
0.47708330, 1, 0, 0
0.47708331, 1, 1, 0
0.47708365, 1, 0, 0
0.47708577, 1, 1, 0
0.47708578, 1, 0, 0
0.47708777, 1, 1, 0
0.47708778, 1, 0, 0
0.47708802, 1, 1, 0
0.47708803, 1, 0, 0
0.47708827, 1, 1, 0
0.47708828, 1, 0, 0
0.47708933, 1, 1, 0
0.47708934, 1, 0, 0
0.47708977, 1, 1, 0
0.47708978, 1, 0, 0
0.47709052, 1, 1, 0
0.47709053, 1, 0, 0
0.47709077, 1, 1, 0
0.47709078, 1, 0, 0
0.47709578, 1, 1, 0
0.47709579, 1, 0, 0
0.47709653, 1, 1, 0
0.47709654, 1, 0, 0
0.47709753, 1, 1, 0
0.47709754, 1, 0, 0
0.47711863, 0, 0, 0
0.47711969, 1, 0, 0
0.47713412, 1, 1, 0
0.47713418, 1, 0, 0
0.47713430, 1, 1, 0
0.47713431, 1, 0, 0
0.47713580, 1, 1, 0
0.47713581, 1, 0, 0
0.47713662, 1, 1, 0
0.47713668, 1, 0, 0
0.47713680, 1, 1, 0
0.47713681, 1, 0, 0
0.47716466, 0, 0, 0
0.47716567, 1, 0, 0
0.47718659, 1, 1, 0
0.47718665, 1, 0, 0
0.47718909, 1, 1, 0
0.47718915, 1, 0, 0
0.47721068, 0, 0, 0
0.47721173, 1, 0, 0
0.47721742, 1, 1, 0
0.47721766, 1, 0, 0
0.47722305, 1, 1, 0
0.47722317, 1, 0, 0
0.47722348, 1, 1, 0
0.47722360, 1, 0, 0
0.47722398, 1, 1, 0
0.47722410, 1, 0, 0
0.47722492, 1, 1, 0
0.47722517, 1, 0, 0
0.47722541, 1, 1, 0
0.47722567, 1, 0, 0
0.47722698, 1, 1, 0
0.47722711, 1, 0, 0
0.47722736, 1, 1, 0
0.47722761, 1, 0, 0
0.47722785, 1, 1, 0
0.47722823, 1, 0, 0
0.47722835, 1, 1, 0
0.47722836, 1, 0, 0
0.47722892, 1, 1, 0
0.47722917, 1, 0, 0
0.47722935, 1, 1, 0
0.47722973, 1, 0, 0
0.47723086, 1, 1, 0
0.47723123, 1, 0, 0
0.47723142, 1, 1, 0
0.47723167, 1, 0, 0
0.47723261, 1, 1, 0
0.47723267, 1, 0, 0
0.47723455, 1, 1, 0
0.47723467, 1, 0, 0
0.47723511, 1, 1, 0
0.47723517, 1, 0, 0
0.47723555, 1, 1, 0
0.47723567, 1, 0, 0
0.47725671, 0, 0, 0
0.47725772, 1, 0, 0
0.47730273, 0, 0, 0
0.47730379, 1, 0, 0
0.47734876, 0, 0, 0
0.47734977, 1, 0, 0
0.47739478, 0, 0, 0
0.47739583, 1, 0, 0
0.47744081, 0, 0, 0
0.47744182, 1, 0, 0
0.47748683, 0, 0, 0
0.47748790, 1, 0, 0
0.47753286, 0, 0, 0
0.47753387, 1, 0, 0
0.47757888, 0, 0, 0
0.47757993, 1, 0, 0
0.47758505, 1, 1, 0
0.47758542, 1, 0, 0
0.47758554, 1, 1, 0
0.47758592, 1, 0, 0
0.47758610, 1, 1, 0
0.47758636, 1, 0, 0
0.47758654, 1, 1, 0
0.47758692, 1, 0, 0
0.47761563, 1, 1, 0
0.47761588, 1, 0, 0
0.47761606, 1, 1, 0
0.47761644, 1, 0, 0
0.47761706, 1, 1, 0
0.47761744, 1, 0, 0
0.47761813, 1, 1, 0
0.47761838, 1, 0, 0
0.47762490, 0, 0, 0
0.47762592, 1, 0, 0
0.47763244, 1, 1, 0
0.47763245, 1, 0, 0
0.47766283, 1, 1, 0
0.47766284, 1, 0, 0
0.47766408, 1, 1, 0
0.47766409, 1, 0, 0
0.47767093, 0, 0, 0
0.47767200, 1, 0, 0
0.47771695, 0, 0, 0
0.47771800, 1, 0, 0
0.47772531, 1, 1, 0
0.47772537, 1, 0, 0
0.47775613, 1, 1, 0
0.47775614, 1, 0, 0
0.47775683, 1, 1, 0
0.47775689, 1, 0, 0
0.47776298, 0, 0, 0
0.47776399, 1, 0, 0
0.47776965, 1, 1, 0
0.47776996, 1, 0, 0
0.47777020, 1, 1, 0
0.47777046, 1, 0, 0
0.47777134, 1, 1, 0
0.47777140, 1, 0, 0
0.47779973, 1, 1, 0
0.47779997, 1, 0, 0
0.47780222, 1, 1, 0
0.47780248, 1, 0, 0
0.47780285, 1, 1, 0
0.47780291, 1, 0, 0
0.47780900, 0, 0, 0
0.47781005, 1, 0, 0
0.47781535, 1, 1, 0
0.47781536, 1, 0, 0
0.47781685, 1, 1, 0
0.47781686, 1, 0, 0
0.47784669, 1, 1, 0
0.47784706, 1, 0, 0
0.47785503, 0, 0, 0
0.47785610, 1, 0, 0
0.47790105, 0, 0, 0
0.47790210, 1, 0, 0
0.47790941, 1, 1, 0
0.47790947, 1, 0, 0
0.47794093, 1, 1, 0
0.47794099, 1, 0, 0
0.47794708, 0, 0, 0
0.47794809, 1, 0, 0
0.47795375, 1, 1, 0
0.47795412, 1, 0, 0
0.47795430, 1, 1, 0
0.47795456, 1, 0, 0
0.47795543, 1, 1, 0
0.47795549, 1, 0, 0
0.47798383, 1, 1, 0
0.47798407, 1, 0, 0
0.47798582, 1, 1, 0
0.47798607, 1, 0, 0
0.47798632, 1, 1, 0
0.47798657, 1, 0, 0
0.47798695, 1, 1, 0
0.47798701, 1, 0, 0
0.47799310, 0, 0, 0
0.47799411, 1, 0, 0
0.47803913, 0, 0, 0
0.47804021, 1, 0, 0
0.47808515, 0, 0, 0
0.47808616, 1, 0, 0
0.47813117, 0, 0, 0
0.47813222, 1, 0, 0
0.47817720, 0, 0, 0
0.47817821, 1, 0, 0
0.47822322, 0, 0, 0
0.47822431, 1, 0, 0
0.47826925, 0, 0, 0
0.47827026, 1, 0, 0
0.47831527, 0, 0, 0
0.47831632, 1, 0, 0
0.47836130, 0, 0, 0
0.47836231, 1, 0, 0
0.47840732, 0, 0, 0
0.47840837, 1, 0, 0
0.47845335, 0, 0, 0
0.47845436, 1, 0, 0
0.47849937, 0, 0, 0
0.47850042, 1, 0, 0
0.47854540, 0, 0, 0
0.47854644, 1, 0, 0
0.47859142, 0, 0, 0
0.47859248, 1, 0, 0
0.47863744, 0, 0, 0
0.47863849, 1, 0, 0
0.47868347, 0, 0, 0
0.47868448, 1, 0, 0
0.47872949, 0, 0, 0
0.47873054, 1, 0, 0
0.47877552, 0, 0, 0
0.47877658, 1, 0, 0
0.47882154, 0, 0, 0
0.47882259, 1, 0, 0
0.47886757, 0, 0, 0
0.47886858, 1, 0, 0
0.47891359, 0, 0, 0
0.47891464, 1, 0, 0
0.47895961, 0, 0, 0
0.47896068, 1, 0, 0
0.47900564, 0, 0, 0
0.47900669, 1, 0, 0
0.47905166, 0, 0, 0
0.47905271, 1, 0, 0
0.47905789, 1, 1, 0
0.47905814, 1, 0, 0
0.47905883, 1, 1, 0
0.47905915, 1, 0, 0
0.47905933, 1, 1, 0
0.47905971, 1, 0, 0
0.47906034, 1, 1, 0
0.47906071, 1, 0, 0
0.47906095, 1, 1, 0
0.47906108, 1, 0, 0
0.47906183, 1, 1, 0
0.47906221, 1, 0, 0
0.47906233, 1, 1, 0
0.47906265, 1, 0, 0
0.47908942, 1, 1, 0
0.47908966, 1, 0, 0
0.47908991, 1, 1, 0
0.47909016, 1, 0, 0
0.47909769, 0, 0, 0
0.47909870, 1, 0, 0
0.47910372, 1, 1, 0
0.47910373, 1, 0, 0
0.47910422, 1, 1, 0
0.47910423, 1, 0, 0
0.47910447, 1, 1, 0
0.47910448, 1, 0, 0
0.47910522, 1, 1, 0
0.47910523, 1, 0, 0
0.47910622, 1, 1, 0
0.47910623, 1, 0, 0
0.47910736, 1, 1, 0
0.47910742, 1, 0, 0
0.47910767, 1, 1, 0
0.47910773, 1, 0, 0
0.47910872, 1, 1, 0
0.47910873, 1, 0, 0
0.47914371, 0, 0, 0
0.47914478, 1, 0, 0
0.47915350, 1, 1, 0
0.47915351, 1, 0, 0
0.47915375, 1, 1, 0
0.47915376, 1, 0, 0
0.47915387, 1, 1, 0
0.47915388, 1, 0, 0
0.47918974, 0, 0, 0
0.47919075, 1, 0, 0
0.47919990, 1, 1, 0
0.47919991, 1, 0, 0
0.47923576, 0, 0, 0
0.47923681, 1, 0, 0
0.47924199, 1, 1, 0
0.47924224, 1, 0, 0
0.47924293, 1, 1, 0
0.47924324, 1, 0, 0
0.47924593, 1, 1, 0
0.47924624, 1, 0, 0
0.47924643, 1, 1, 0
0.47924675, 1, 0, 0
0.47927363, 1, 1, 0
0.47927376, 1, 0, 0
0.47928179, 0, 0, 0
0.47928280, 1, 0, 0
0.47928782, 1, 1, 0
0.47928783, 1, 0, 0
0.47928832, 1, 1, 0
0.47928833, 1, 0, 0
0.47928846, 1, 1, 0
0.47928883, 1, 0, 0
0.47928913, 1, 1, 0
0.47928914, 1, 0, 0
0.47928963, 1, 1, 0
0.47928964, 1, 0, 0
0.47929007, 1, 1, 0
0.47929008, 1, 0, 0
0.47929063, 1, 1, 0
0.47929064, 1, 0, 0
0.47929113, 1, 1, 0
0.47929114, 1, 0, 0
0.47929263, 1, 1, 0
0.47929264, 1, 0, 0
0.47932781, 0, 0, 0
0.47932889, 1, 0, 0
0.47933447, 1, 1, 0
0.47933448, 1, 0, 0
0.47933497, 1, 1, 0
0.47933498, 1, 0, 0
0.47933797, 1, 1, 0
0.47933798, 1, 0, 0
0.47937384, 0, 0, 0
0.47937485, 1, 0, 0
0.47938776, 1, 1, 0
0.47938782, 1, 0, 0
0.47938876, 1, 1, 0
0.47938882, 1, 0, 0
0.47941986, 0, 0, 0
0.47942091, 1, 0, 0
0.47942559, 1, 1, 0
0.47942584, 1, 0, 0
0.47942609, 1, 1, 0
0.47942634, 1, 0, 0
0.47942652, 1, 1, 0
0.47942653, 1, 0, 0
0.47942702, 1, 1, 0
0.47942703, 1, 0, 0
0.47942916, 1, 1, 0
0.47942928, 1, 0, 0
0.47943003, 1, 1, 0
0.47943041, 1, 0, 0
0.47943052, 1, 1, 0
0.47943053, 1, 0, 0
0.47943379, 1, 1, 0
0.47943384, 1, 0, 0
0.47943478, 1, 1, 0
0.47943484, 1, 0, 0
0.47945761, 1, 1, 0
0.47945786, 1, 0, 0
0.47945811, 1, 1, 0
0.47945836, 1, 0, 0
0.47946589, 0, 0, 0
0.47946690, 1, 0, 0
0.47951191, 0, 0, 0
0.47951299, 1, 0, 0
0.47955793, 0, 0, 0
0.47955898, 1, 0, 0
0.47960396, 0, 0, 0
0.47960497, 1, 0, 0
0.47964998, 0, 0, 0
0.47965103, 1, 0, 0
0.47969601, 0, 0, 0
0.47969705, 1, 0, 0
0.47974203, 0, 0, 0
0.47974308, 1, 0, 0
0.47978806, 0, 0, 0
0.47978907, 1, 0, 0
0.47979422, 1, 1, 0
0.47979460, 1, 0, 0
0.47979522, 1, 1, 0
0.47979554, 1, 0, 0
0.47979578, 1, 1, 0
0.47979604, 1, 0, 0
0.47979673, 1, 1, 0
0.47979704, 1, 0, 0
0.47979722, 1, 1, 0
0.47979748, 1, 0, 0
0.47982581, 1, 1, 0
0.47982605, 1, 0, 0
0.47982630, 1, 1, 0
0.47982655, 1, 0, 0
0.47983408, 0, 0, 0
0.47983513, 1, 0, 0
0.47984024, 1, 1, 0
0.47984025, 1, 0, 0
0.47984174, 1, 1, 0
0.47984175, 1, 0, 0
0.47984249, 1, 1, 0
0.47984250, 1, 0, 0
0.47984274, 1, 1, 0
0.47984275, 1, 0, 0
0.47988011, 0, 0, 0
0.47988119, 1, 0, 0
0.47992613, 0, 0, 0
0.47992718, 1, 0, 0
0.47993379, 1, 1, 0
0.47993380, 1, 0, 0
0.47993429, 1, 1, 0
0.47993430, 1, 0, 0
0.47993479, 1, 1, 0
0.47993480, 1, 0, 0
0.47997215, 0, 0, 0
0.47997317, 1, 0, 0
0.47997789, 1, 1, 0
0.47997795, 1, 0, 0
0.47997832, 1, 1, 0
0.47997863, 1, 0, 0
0.47997939, 1, 1, 0
0.47997964, 1, 0, 0
0.47998082, 1, 1, 0
0.47998114, 1, 0, 0
0.48001003, 1, 1, 0
0.48001015, 1, 0, 0
0.48001033, 1, 1, 0
0.48001034, 1, 0, 0
0.48001818, 0, 0, 0
0.48001923, 1, 0, 0
0.48002434, 1, 1, 0
0.48002435, 1, 0, 0
0.48002584, 1, 1, 0
0.48002585, 1, 0, 0
0.48002634, 1, 1, 0
0.48002672, 1, 0, 0
0.48002684, 1, 1, 0
0.48002685, 1, 0, 0
0.48005635, 1, 1, 0
0.48005636, 1, 0, 0
0.48006420, 0, 0, 0
0.48006526, 1, 0, 0
0.48007236, 1, 1, 0
0.48007237, 1, 0, 0
0.48011023, 0, 0, 0
0.48011124, 1, 0, 0
0.48012415, 1, 1, 0
0.48012421, 1, 0, 0
0.48012515, 1, 1, 0
0.48012521, 1, 0, 0
0.48012616, 1, 1, 0
0.48012621, 1, 0, 0
0.48012715, 1, 1, 0
0.48012721, 1, 0, 0
0.48012816, 1, 1, 0
0.48012821, 1, 0, 0
0.48015625, 0, 0, 0
0.48015730, 1, 0, 0
0.48016242, 1, 1, 0
0.48016280, 1, 0, 0
0.48016342, 1, 1, 0
0.48016373, 1, 0, 0
0.48016398, 1, 1, 0
0.48016423, 1, 0, 0
0.48016441, 1, 1, 0
0.48016442, 1, 0, 0
0.48016542, 1, 1, 0
0.48016567, 1, 0, 0
0.48017018, 1, 1, 0
0.48017024, 1, 0, 0
0.48017118, 1, 1, 0
0.48017124, 1, 0, 0
0.48017218, 1, 1, 0
0.48017224, 1, 0, 0
0.48017318, 1, 1, 0
0.48017324, 1, 0, 0
0.48017418, 1, 1, 0
0.48017424, 1, 0, 0
0.48019400, 1, 1, 0
0.48019425, 1, 0, 0
0.48019450, 1, 1, 0
0.48019475, 1, 0, 0
0.48020228, 0, 0, 0
0.48020329, 1, 0, 0
0.48024830, 0, 0, 0
0.48024936, 1, 0, 0
0.48029433, 0, 0, 0
0.48029534, 1, 0, 0
0.48034035, 0, 0, 0
0.48034140, 1, 0, 0
0.48038638, 0, 0, 0
0.48038742, 1, 0, 0
0.48043240, 0, 0, 0
0.48043347, 1, 0, 0
0.48047842, 0, 0, 0
0.48047947, 1, 0, 0
0.48052445, 0, 0, 0
0.48052546, 1, 0, 0
0.48053062, 1, 1, 0
0.48053093, 1, 0, 0
0.48053118, 1, 1, 0
0.48053143, 1, 0, 0
0.48053418, 1, 1, 0
0.48053443, 1, 0, 0
0.48053468, 1, 1, 0
0.48053493, 1, 0, 0
0.48053612, 1, 1, 0
0.48053643, 1, 0, 0
0.48053668, 1, 1, 0
0.48053693, 1, 0, 0
0.48056220, 1, 1, 0
0.48056245, 1, 0, 0
0.48056269, 1, 1, 0
0.48056295, 1, 0, 0
0.48057047, 0, 0, 0
0.48057152, 1, 0, 0
0.48058051, 1, 1, 0
0.48058052, 1, 0, 0
0.48058101, 1, 1, 0
0.48058102, 1, 0, 0
0.48058151, 1, 1, 0
0.48058152, 1, 0, 0
0.48058176, 1, 1, 0
0.48058177, 1, 0, 0
0.48058251, 1, 1, 0
0.48058252, 1, 0, 0
0.48058301, 1, 1, 0
0.48058302, 1, 0, 0
0.48060815, 1, 1, 0
0.48060816, 1, 0, 0
0.48060865, 1, 1, 0
0.48060866, 1, 0, 0
0.48061650, 0, 0, 0
0.48061757, 1, 0, 0
0.48062430, 1, 1, 0
0.48062448, 1, 0, 0
0.48062485, 1, 1, 0
0.48062498, 1, 0, 0
0.48062866, 1, 1, 0
0.48062867, 1, 0, 0
0.48066252, 0, 0, 0
0.48066357, 1, 0, 0
0.48066918, 1, 1, 0
0.48066919, 1, 0, 0
0.48067075, 1, 1, 0
0.48067081, 1, 0, 0
0.48067187, 1, 1, 0
0.48067188, 1, 0, 0
0.48070855, 0, 0, 0
0.48070956, 1, 0, 0
0.48071477, 1, 1, 0
0.48071503, 1, 0, 0
0.48071527, 1, 1, 0
0.48071553, 1, 0, 0
0.48071778, 1, 1, 0
0.48071784, 1, 0, 0
0.48071840, 1, 1, 0
0.48071853, 1, 0, 0
0.48071878, 1, 1, 0
0.48071903, 1, 0, 0
0.48072028, 1, 1, 0
0.48072053, 1, 0, 0
0.48072090, 1, 1, 0
0.48072103, 1, 0, 0
0.48074642, 1, 1, 0
0.48074654, 1, 0, 0
0.48075457, 0, 0, 0
0.48075562, 1, 0, 0
0.48076025, 1, 1, 0
0.48076061, 1, 0, 0
0.48076391, 1, 1, 0
0.48076392, 1, 0, 0
0.48076575, 1, 1, 0
0.48076612, 1, 0, 0
0.48076711, 1, 1, 0
0.48076712, 1, 0, 0
0.48080060, 0, 0, 0
0.48080167, 1, 0, 0
0.48081132, 1, 1, 0
0.48081133, 1, 0, 0
0.48081232, 1, 1, 0
0.48081233, 1, 0, 0
0.48084662, 0, 0, 0
0.48084767, 1, 0, 0
0.48085328, 1, 1, 0
0.48085329, 1, 0, 0
0.48086054, 1, 1, 0
0.48086060, 1, 0, 0
0.48086155, 1, 1, 0
0.48086160, 1, 0, 0
0.48086255, 1, 1, 0
0.48086261, 1, 0, 0
0.48086355, 1, 1, 0
0.48086361, 1, 0, 0
0.48086455, 1, 1, 0
0.48086461, 1, 0, 0
0.48086555, 1, 1, 0
0.48086561, 1, 0, 0
0.48086655, 1, 1, 0
0.48086661, 1, 0, 0
0.48086755, 1, 1, 0
0.48086761, 1, 0, 0
0.48089265, 0, 0, 0
0.48089366, 1, 0, 0
0.48089881, 1, 1, 0
0.48089912, 1, 0, 0
0.48089937, 1, 1, 0
0.48089963, 1, 0, 0
0.48090044, 1, 1, 0
0.48090063, 1, 0, 0
0.48090237, 1, 1, 0
0.48090263, 1, 0, 0
0.48090287, 1, 1, 0
0.48090313, 1, 0, 0
0.48090431, 1, 1, 0
0.48090463, 1, 0, 0
0.48090487, 1, 1, 0
0.48090513, 1, 0, 0
0.48090657, 1, 1, 0
0.48090663, 1, 0, 0
0.48090757, 1, 1, 0
0.48090763, 1, 0, 0
0.48090857, 1, 1, 0
0.48090863, 1, 0, 0
0.48090957, 1, 1, 0
0.48090963, 1, 0, 0
0.48091057, 1, 1, 0
0.48091063, 1, 0, 0
0.48091157, 1, 1, 0
0.48091163, 1, 0, 0
0.48091257, 1, 1, 0
0.48091263, 1, 0, 0
0.48091357, 1, 1, 0
0.48091363, 1, 0, 0
0.48093040, 1, 1, 0
0.48093064, 1, 0, 0
0.48093089, 1, 1, 0
0.48093114, 1, 0, 0
0.48093867, 0, 0, 0
0.48093972, 1, 0, 0
0.48098470, 0, 0, 0
0.48098577, 1, 0, 0
0.48103072, 0, 0, 0
0.48103173, 1, 0, 0
0.48107674, 0, 0, 0
0.48107779, 1, 0, 0
0.48112277, 0, 0, 0
0.48112378, 1, 0, 0
0.48116879, 0, 0, 0
0.48116988, 1, 0, 0
0.48121482, 0, 0, 0
0.48121583, 1, 0, 0
0.48126084, 0, 0, 0
0.48126189, 1, 0, 0
0.48126651, 1, 1, 0
0.48126682, 1, 0, 0
0.48126713, 1, 1, 0
0.48126726, 1, 0, 0
0.48126757, 1, 1, 0
0.48126782, 1, 0, 0
0.48127714, 1, 1, 0
0.48127733, 1, 0, 0
0.48129859, 1, 1, 0
0.48129884, 1, 0, 0
0.48129909, 1, 1, 0
0.48129934, 1, 0, 0
0.48130686, 0, 0, 0
0.48130788, 1, 0, 0
0.48131252, 1, 1, 0
0.48131253, 1, 0, 0
0.48131352, 1, 1, 0
0.48131353, 1, 0, 0
0.48135289, 0, 0, 0
0.48135394, 1, 0, 0
0.48139891, 0, 0, 0
0.48139996, 1, 0, 0
0.48144494, 0, 0, 0
0.48144595, 1, 0, 0
0.48145061, 1, 1, 0
0.48145092, 1, 0, 0
0.48146012, 1, 1, 0
0.48146049, 1, 0, 0
0.48148281, 1, 1, 0
0.48148294, 1, 0, 0
0.48149096, 0, 0, 0
0.48149201, 1, 0, 0
0.48149662, 1, 1, 0
0.48149663, 1, 0, 0
0.48149762, 1, 1, 0
0.48149763, 1, 0, 0
0.48150637, 1, 1, 0
0.48150638, 1, 0, 0
0.48153699, 0, 0, 0
0.48153804, 1, 0, 0
0.48158301, 0, 0, 0
0.48158406, 1, 0, 0
0.48159694, 1, 1, 0
0.48159700, 1, 0, 0
0.48159794, 1, 1, 0
0.48159800, 1, 0, 0
0.48159894, 1, 1, 0
0.48159900, 1, 0, 0
0.48159994, 1, 1, 0
0.48160000, 1, 0, 0
0.48162904, 0, 0, 0
0.48163005, 1, 0, 0
0.48163533, 1, 1, 0
0.48163545, 1, 0, 0
0.48163577, 1, 1, 0
0.48163602, 1, 0, 0
0.48164296, 1, 1, 0
0.48164302, 1, 0, 0
0.48164396, 1, 1, 0
0.48164402, 1, 0, 0
0.48164496, 1, 1, 0
0.48164502, 1, 0, 0
0.48164596, 1, 1, 0
0.48164602, 1, 0, 0
0.48166679, 1, 1, 0
0.48166703, 1, 0, 0
0.48166728, 1, 1, 0
0.48166753, 1, 0, 0
0.48167506, 0, 0, 0
0.48167611, 1, 0, 0
0.48172109, 0, 0, 0
0.48172214, 1, 0, 0
0.48176711, 0, 0, 0
0.48176816, 1, 0, 0
0.48181314, 0, 0, 0
0.48181415, 1, 0, 0
0.48185916, 0, 0, 0
0.48186018, 1, 0, 0
0.48190518, 0, 0, 0
0.48190624, 1, 0, 0
0.48195121, 0, 0, 0
0.48195222, 1, 0, 0
0.48199723, 0, 0, 0
0.48199828, 1, 0, 0
0.48200290, 1, 1, 0
0.48200321, 1, 0, 0
0.48200346, 1, 1, 0
0.48200371, 1, 0, 0
0.48200446, 1, 1, 0
0.48200471, 1, 0, 0
0.48200540, 1, 1, 0
0.48200578, 1, 0, 0
0.48200596, 1, 1, 0
0.48200621, 1, 0, 0
0.48200696, 1, 1, 0
0.48200721, 1, 0, 0
0.48203498, 1, 1, 0
0.48203523, 1, 0, 0
0.48203548, 1, 1, 0
0.48203573, 1, 0, 0
0.48204326, 0, 0, 0
0.48204427, 1, 0, 0
0.48204929, 1, 1, 0
0.48204930, 1, 0, 0
0.48204979, 1, 1, 0
0.48204980, 1, 0, 0
0.48204993, 1, 1, 0
0.48204999, 1, 0, 0
0.48205023, 1, 1, 0
0.48205030, 1, 0, 0
0.48205079, 1, 1, 0
0.48205080, 1, 0, 0
0.48205129, 1, 1, 0
0.48205130, 1, 0, 0
0.48205229, 1, 1, 0
0.48205230, 1, 0, 0
0.48205248, 1, 1, 0
0.48205249, 1, 0, 0
0.48205273, 1, 1, 0
0.48205274, 1, 0, 0
0.48205329, 1, 1, 0
0.48205330, 1, 0, 0
0.48205379, 1, 1, 0
0.48205380, 1, 0, 0
0.48205393, 1, 1, 0
0.48205399, 1, 0, 0
0.48205423, 1, 1, 0
0.48205430, 1, 0, 0
0.48208143, 1, 1, 0
0.48208144, 1, 0, 0
0.48208928, 0, 0, 0
0.48209035, 1, 0, 0
0.48209544, 1, 1, 0
0.48209545, 1, 0, 0
0.48209594, 1, 1, 0
0.48209595, 1, 0, 0
0.48209619, 1, 1, 0
0.48209620, 1, 0, 0
0.48209644, 1, 1, 0
0.48209645, 1, 0, 0
0.48210007, 1, 1, 0
0.48210008, 1, 0, 0
0.48210032, 1, 1, 0
0.48210033, 1, 0, 0
0.48213531, 0, 0, 0
0.48213632, 1, 0, 0
0.48218133, 0, 0, 0
0.48218238, 1, 0, 0
0.48218700, 1, 1, 0
0.48218731, 1, 0, 0
0.48218749, 1, 1, 0
0.48218750, 1, 0, 0
0.48218799, 1, 1, 0
0.48218800, 1, 0, 0
0.48218849, 1, 1, 0
0.48218850, 1, 0, 0
0.48218900, 1, 1, 0
0.48218937, 1, 0, 0
0.48218949, 1, 1, 0
0.48218981, 1, 0, 0
0.48218999, 1, 1, 0
0.48219000, 1, 0, 0
0.48219056, 1, 1, 0
0.48219062, 1, 0, 0
0.48219106, 1, 1, 0
0.48219131, 1, 0, 0
0.48221920, 1, 1, 0
0.48221933, 1, 0, 0
0.48222736, 0, 0, 0
0.48222837, 1, 0, 0
0.48223389, 1, 1, 0
0.48223390, 1, 0, 0
0.48223439, 1, 1, 0
0.48223440, 1, 0, 0
0.48223539, 1, 1, 0
0.48223540, 1, 0, 0
0.48223658, 1, 1, 0
0.48223659, 1, 0, 0
0.48223739, 1, 1, 0
0.48223740, 1, 0, 0
0.48223789, 1, 1, 0
0.48223790, 1, 0, 0
0.48223839, 1, 1, 0
0.48223840, 1, 0, 0
0.48226553, 1, 1, 0
0.48226554, 1, 0, 0
0.48227338, 0, 0, 0
0.48227445, 1, 0, 0
0.48228004, 1, 1, 0
0.48228005, 1, 0, 0
0.48228054, 1, 1, 0
0.48228055, 1, 0, 0
0.48228154, 1, 1, 0
0.48228155, 1, 0, 0
0.48231941, 0, 0, 0
0.48232042, 1, 0, 0
0.48233334, 1, 1, 0
0.48233339, 1, 0, 0
0.48235758, 1, 1, 0
0.48235759, 1, 0, 0
0.48236543, 0, 0, 0
0.48236648, 1, 0, 0
0.48237166, 1, 1, 0
0.48237191, 1, 0, 0
0.48237266, 1, 1, 0
0.48237291, 1, 0, 0
0.48237309, 1, 1, 0
0.48237310, 1, 0, 0
0.48237359, 1, 1, 0
0.48237397, 1, 0, 0
0.48237416, 1, 1, 0
0.48237441, 1, 0, 0
0.48237516, 1, 1, 0
0.48237541, 1, 0, 0
0.48237566, 1, 1, 0
0.48237591, 1, 0, 0
0.48237935, 1, 1, 0
0.48237941, 1, 0, 0
0.48240318, 1, 1, 0
0.48240343, 1, 0, 0
0.48240367, 1, 1, 0
0.48240393, 1, 0, 0
0.48241145, 0, 0, 0
0.48241250, 1, 0, 0
0.48245748, 0, 0, 0
0.48245855, 1, 0, 0
0.48250350, 0, 0, 0
0.48250455, 1, 0, 0
0.48254953, 0, 0, 0
0.48255054, 1, 0, 0
0.48259555, 0, 0, 0
0.48259660, 1, 0, 0
0.48264158, 0, 0, 0
0.48264266, 1, 0, 0
0.48268760, 0, 0, 0
0.48268865, 1, 0, 0
0.48273363, 0, 0, 0
0.48273464, 1, 0, 0
0.48273930, 1, 1, 0
0.48273961, 1, 0, 0
0.48274130, 1, 1, 0
0.48274167, 1, 0, 0
0.48274179, 1, 1, 0
0.48274217, 1, 0, 0
0.48274235, 1, 1, 0
0.48274261, 1, 0, 0
0.48274279, 1, 1, 0
0.48274317, 1, 0, 0
0.48275330, 1, 1, 0
0.48275368, 1, 0, 0
0.48275386, 1, 1, 0
0.48275411, 1, 0, 0
0.48275429, 1, 1, 0
0.48275468, 1, 0, 0
0.48275498, 1, 1, 0
0.48275499, 1, 0, 0
0.48275680, 1, 1, 0
0.48275718, 1, 0, 0
0.48275729, 1, 1, 0
0.48275730, 1, 0, 0
0.48275786, 1, 1, 0
0.48275811, 1, 0, 0
0.48275830, 1, 1, 0
0.48275861, 1, 0, 0
0.48276087, 1, 1, 0
0.48276118, 1, 0, 0
0.48276193, 1, 1, 0
0.48276212, 1, 0, 0
0.48277965, 0, 0, 0
0.48278066, 1, 0, 0
0.48278605, 1, 1, 0
0.48278607, 1, 0, 0
0.48278631, 1, 1, 0
0.48278632, 1, 0, 0
0.48278633, 1, 1, 0
0.48278638, 1, 0, 0
0.48278664, 1, 1, 0
0.48278669, 1, 0, 0
0.48278781, 1, 1, 0
0.48278782, 1, 0, 0
0.48278831, 1, 1, 0
0.48278832, 1, 0, 0
0.48278900, 1, 1, 0
0.48278901, 1, 0, 0
0.48279950, 1, 1, 0
0.48279951, 1, 0, 0
0.48280050, 1, 1, 0
0.48280051, 1, 0, 0
0.48280106, 1, 1, 0
0.48280107, 1, 0, 0
0.48280131, 1, 1, 0
0.48280132, 1, 0, 0
0.48280234, 1, 1, 0
0.48280239, 1, 0, 0
0.48280264, 1, 1, 0
0.48280270, 1, 0, 0
0.48280281, 1, 1, 0
0.48280282, 1, 0, 0
0.48280331, 1, 1, 0
0.48280332, 1, 0, 0
0.48280334, 1, 1, 0
0.48280339, 1, 0, 0
0.48280364, 1, 1, 0
0.48280370, 1, 0, 0
0.48280381, 1, 1, 0
0.48280382, 1, 0, 0
0.48280431, 1, 1, 0
0.48280432, 1, 0, 0
0.48280751, 1, 1, 0
0.48280752, 1, 0, 0
0.48280754, 1, 1, 0
0.48280758, 1, 0, 0
0.48282568, 0, 0, 0
0.48282676, 1, 0, 0
0.48283258, 1, 1, 0
0.48283259, 1, 0, 0
0.48283271, 1, 1, 0
0.48283272, 1, 0, 0
0.48284884, 1, 1, 0
0.48284885, 1, 0, 0
0.48284984, 1, 1, 0
0.48284985, 1, 0, 0
0.48287170, 0, 0, 0
0.48287271, 1, 0, 0
0.48289788, 1, 1, 0
0.48289825, 1, 0, 0
0.48289895, 1, 1, 0
0.48289919, 1, 0, 0
0.48291772, 0, 0, 0
0.48291877, 1, 0, 0
0.48292339, 1, 1, 0
0.48292370, 1, 0, 0
0.48292489, 1, 1, 0
0.48292527, 1, 0, 0
0.48292557, 1, 1, 0
0.48292558, 1, 0, 0
0.48292589, 1, 1, 0
0.48292620, 1, 0, 0
0.48292645, 1, 1, 0
0.48292671, 1, 0, 0
0.48293939, 1, 1, 0
0.48293940, 1, 0, 0
0.48294090, 1, 1, 0
0.48294121, 1, 0, 0
0.48294139, 1, 1, 0
0.48294140, 1, 0, 0
0.48294240, 1, 1, 0
0.48294271, 1, 0, 0
0.48294646, 1, 1, 0
0.48294653, 1, 0, 0
0.48296375, 0, 0, 0
0.48296476, 1, 0, 0
0.48296991, 1, 1, 0
0.48296992, 1, 0, 0
0.48296994, 1, 1, 0
0.48297029, 1, 0, 0
0.48297040, 1, 1, 0
0.48297041, 1, 0, 0
0.48298360, 1, 1, 0
0.48298361, 1, 0, 0
0.48298391, 1, 1, 0
0.48298392, 1, 0, 0
0.48298460, 1, 1, 0
0.48298461, 1, 0, 0
0.48298491, 1, 1, 0
0.48298492, 1, 0, 0
0.48298494, 1, 1, 0
0.48298530, 1, 0, 0
0.48298541, 1, 1, 0
0.48298542, 1, 0, 0
0.48298641, 1, 1, 0
0.48298642, 1, 0, 0
0.48298691, 1, 1, 0
0.48298692, 1, 0, 0
0.48298741, 1, 1, 0
0.48298742, 1, 0, 0
0.48298791, 1, 1, 0
0.48298792, 1, 0, 0
0.48298841, 1, 1, 0
0.48298842, 1, 0, 0
0.48298860, 1, 1, 0
0.48298861, 1, 0, 0
0.48298994, 1, 1, 0
0.48299030, 1, 0, 0
0.48299260, 1, 1, 0
0.48299261, 1, 0, 0
0.48300977, 0, 0, 0
0.48301082, 1, 0, 0
0.48303144, 1, 1, 0
0.48303145, 1, 0, 0
0.48303394, 1, 1, 0
0.48303395, 1, 0, 0
0.48303444, 1, 1, 0
0.48303445, 1, 0, 0
0.48305580, 0, 0, 0
0.48305681, 1, 0, 0
0.48310182, 0, 0, 0
0.48310287, 1, 0, 0
0.48310798, 1, 1, 0
0.48310799, 1, 0, 0
0.48310848, 1, 1, 0
0.48310849, 1, 0, 0
0.48310999, 1, 1, 0
0.48311036, 1, 0, 0
0.48311055, 1, 1, 0
0.48311080, 1, 0, 0
0.48311117, 1, 1, 0
0.48311118, 1, 0, 0
0.48312206, 1, 1, 0
0.48312231, 1, 0, 0
0.48312349, 1, 1, 0
0.48312387, 1, 0, 0
0.48312499, 1, 1, 0
0.48312537, 1, 0, 0
0.48312549, 1, 1, 0
0.48312550, 1, 0, 0
0.48312606, 1, 1, 0
0.48312631, 1, 0, 0
0.48312649, 1, 1, 0
0.48312650, 1, 0, 0
0.48312913, 1, 1, 0
0.48312931, 1, 0, 0
0.48312969, 1, 1, 0
0.48312981, 1, 0, 0
0.48313006, 1, 1, 0
0.48313038, 1, 0, 0
0.48314785, 0, 0, 0
0.48314886, 1, 0, 0
0.48319387, 0, 0, 0
0.48319493, 1, 0, 0
0.48323990, 0, 0, 0
0.48324091, 1, 0, 0
0.48328592, 0, 0, 0
0.48328697, 1, 0, 0
0.48333195, 0, 0, 0
0.48333296, 1, 0, 0
0.48337797, 0, 0, 0
0.48337903, 1, 0, 0
0.48342399, 0, 0, 0
0.48342504, 1, 0, 0
0.48347002, 0, 0, 0
0.48347103, 1, 0, 0
0.48347675, 1, 1, 0
0.48347700, 1, 0, 0
0.48347718, 1, 1, 0
0.48347750, 1, 0, 0
0.48347774, 1, 1, 0
0.48347800, 1, 0, 0
0.48348032, 1, 1, 0
0.48348050, 1, 0, 0
0.48348075, 1, 1, 0
0.48348106, 1, 0, 0
0.48350777, 1, 1, 0
0.48350801, 1, 0, 0
0.48350826, 1, 1, 0
0.48350851, 1, 0, 0
0.48351604, 0, 0, 0
0.48351709, 1, 0, 0
0.48352307, 1, 1, 0
0.48352308, 1, 0, 0
0.48352357, 1, 1, 0
0.48352358, 1, 0, 0
0.48352407, 1, 1, 0
0.48352408, 1, 0, 0
0.48355372, 1, 1, 0
0.48355373, 1, 0, 0
0.48355422, 1, 1, 0
0.48355423, 1, 0, 0
0.48356207, 0, 0, 0
0.48356313, 1, 0, 0
0.48360809, 0, 0, 0
0.48360914, 1, 0, 0
0.48361525, 1, 1, 0
0.48361526, 1, 0, 0
0.48361575, 1, 1, 0
0.48361576, 1, 0, 0
0.48361726, 1, 1, 0
0.48361764, 1, 0, 0
0.48361882, 1, 1, 0
0.48361907, 1, 0, 0
0.48361938, 1, 1, 0
0.48361957, 1, 0, 0
0.48361994, 1, 1, 0
0.48361995, 1, 0, 0
0.48365412, 0, 0, 0
0.48365513, 1, 0, 0
0.48366128, 1, 1, 0
0.48366160, 1, 0, 0
0.48366184, 1, 1, 0
0.48366210, 1, 0, 0
0.48366585, 1, 1, 0
0.48366591, 1, 0, 0
0.48369199, 1, 1, 0
0.48369211, 1, 0, 0
0.48370014, 0, 0, 0
0.48370119, 1, 0, 0
0.48370717, 1, 1, 0
0.48370718, 1, 0, 0
0.48370817, 1, 1, 0
0.48370818, 1, 0, 0
0.48370892, 1, 1, 0
0.48370893, 1, 0, 0
0.48370931, 1, 1, 0
0.48370969, 1, 0, 0
0.48371167, 1, 1, 0
0.48371168, 1, 0, 0
0.48374616, 0, 0, 0
0.48374723, 1, 0, 0
0.48375789, 1, 1, 0
0.48375790, 1, 0, 0
0.48379219, 0, 0, 0
0.48379324, 1, 0, 0
0.48379935, 1, 1, 0
0.48379936, 1, 0, 0
0.48380611, 1, 1, 0
0.48380617, 1, 0, 0
0.48380711, 1, 1, 0
0.48380717, 1, 0, 0
0.48383821, 0, 0, 0
0.48383926, 1, 0, 0
0.48384495, 1, 1, 0
0.48384519, 1, 0, 0
0.48384595, 1, 1, 0
0.48384619, 1, 0, 0
0.48384845, 1, 1, 0
0.48384876, 1, 0, 0
0.48384901, 1, 1, 0
0.48384920, 1, 0, 0
0.48384951, 1, 1, 0
0.48384970, 1, 0, 0
0.48385214, 1, 1, 0
0.48385220, 1, 0, 0
0.48385314, 1, 1, 0
0.48385320, 1, 0, 0
0.48387596, 1, 1, 0
0.48387621, 1, 0, 0
0.48387646, 1, 1, 0
0.48387671, 1, 0, 0
0.48388424, 0, 0, 0
0.48388525, 1, 0, 0
0.48393026, 0, 0, 0
0.48393134, 1, 0, 0
0.48397629, 0, 0, 0
0.48397730, 1, 0, 0
0.48402231, 0, 0, 0
0.48402336, 1, 0, 0
0.48406834, 0, 0, 0
0.48406935, 1, 0, 0
0.48411436, 0, 0, 0
0.48411544, 1, 0, 0
0.48416039, 0, 0, 0
0.48416140, 1, 0, 0
0.48420641, 0, 0, 0
0.48420746, 1, 0, 0
0.48421315, 1, 1, 0
0.48421339, 1, 0, 0
0.48421358, 1, 1, 0
0.48421389, 1, 0, 0
0.48421414, 1, 1, 0
0.48421439, 1, 0, 0
0.48421665, 1, 1, 0
0.48421695, 1, 0, 0
0.48421771, 1, 1, 0
0.48421789, 1, 0, 0
0.48424416, 1, 1, 0
0.48424441, 1, 0, 0
0.48424466, 1, 1, 0
0.48424491, 1, 0, 0
0.48425243, 0, 0, 0
0.48425345, 1, 0, 0
0.48425959, 1, 1, 0
0.48425960, 1, 0, 0
0.48426009, 1, 1, 0
0.48426010, 1, 0, 0
0.48426328, 1, 1, 0
0.48426330, 1, 0, 0
0.48426332, 1, 1, 0
0.48426335, 1, 0, 0
0.48429048, 1, 1, 0
0.48429049, 1, 0, 0
0.48429098, 1, 1, 0
0.48429099, 1, 0, 0
0.48429846, 0, 0, 0
0.48429954, 1, 0, 0
0.48430612, 1, 1, 0
0.48430613, 1, 0, 0
0.48434448, 0, 0, 0
0.48434553, 1, 0, 0
0.48435366, 1, 1, 0
0.48435403, 1, 0, 0
0.48435472, 1, 1, 0
0.48435496, 1, 0, 0
0.48435633, 1, 1, 0
0.48435634, 1, 0, 0
0.48439051, 0, 0, 0
0.48439152, 1, 0, 0
0.48439767, 1, 1, 0
0.48439799, 1, 0, 0
0.48439823, 1, 1, 0
0.48439849, 1, 0, 0
0.48440224, 1, 1, 0
0.48440230, 1, 0, 0
0.48442838, 1, 1, 0
0.48442851, 1, 0, 0
0.48443653, 0, 0, 0
0.48443758, 1, 0, 0
0.48444319, 1, 1, 0
0.48444320, 1, 0, 0
0.48444369, 1, 1, 0
0.48444370, 1, 0, 0
0.48444569, 1, 1, 0
0.48444570, 1, 0, 0
0.48444572, 1, 1, 0
0.48444608, 1, 0, 0
0.48444744, 1, 1, 0
0.48444745, 1, 0, 0
0.48444794, 1, 1, 0
0.48444795, 1, 0, 0
0.48444838, 1, 1, 0
0.48444839, 1, 0, 0
0.48448256, 0, 0, 0
0.48448364, 1, 0, 0
0.48452858, 0, 0, 0
0.48452963, 1, 0, 0
0.48454251, 1, 1, 0
0.48454256, 1, 0, 0
0.48454351, 1, 1, 0
0.48454357, 1, 0, 0
0.48457461, 0, 0, 0
0.48457562, 1, 0, 0
0.48458134, 1, 1, 0
0.48458159, 1, 0, 0
0.48458234, 1, 1, 0
0.48458259, 1, 0, 0
0.48458491, 1, 1, 0
0.48458509, 1, 0, 0
0.48458546, 1, 1, 0
0.48458559, 1, 0, 0
0.48458584, 1, 1, 0
0.48458615, 1, 0, 0
0.48458633, 1, 1, 0
0.48458634, 1, 0, 0
0.48458853, 1, 1, 0
0.48458859, 1, 0, 0
0.48458953, 1, 1, 0
0.48458959, 1, 0, 0
0.48461236, 1, 1, 0
0.48461260, 1, 0, 0
0.48461285, 1, 1, 0
0.48461310, 1, 0, 0
0.48462063, 0, 0, 0
0.48462168, 1, 0, 0
0.48466666, 0, 0, 0
0.48466771, 1, 0, 0
0.48471268, 0, 0, 0
0.48471373, 1, 0, 0
0.48475870, 0, 0, 0
0.48475972, 1, 0, 0
0.48480473, 0, 0, 0
0.48480578, 1, 0, 0
0.48485075, 0, 0, 0
0.48485181, 1, 0, 0
0.48489678, 0, 0, 0
0.48489779, 1, 0, 0
0.48494280, 0, 0, 0
0.48494385, 1, 0, 0
0.48494847, 1, 1, 0
0.48494878, 1, 0, 0
0.48494947, 1, 1, 0
0.48494978, 1, 0, 0
0.48495009, 1, 1, 0
0.48495022, 1, 0, 0
0.48495047, 1, 1, 0
0.48495085, 1, 0, 0
0.48495096, 1, 1, 0
0.48495097, 1, 0, 0
0.48495197, 1, 1, 0
0.48495235, 1, 0, 0
0.48495246, 1, 1, 0
0.48495285, 1, 0, 0
0.48495303, 1, 1, 0
0.48495329, 1, 0, 0
0.48495346, 1, 1, 0
0.48495385, 1, 0, 0
0.48498055, 1, 1, 0
0.48498080, 1, 0, 0
0.48498105, 1, 1, 0
0.48498130, 1, 0, 0
0.48498883, 0, 0, 0
0.48498984, 1, 0, 0
0.48499486, 1, 1, 0
0.48499487, 1, 0, 0
0.48499511, 1, 1, 0
0.48499512, 1, 0, 0
0.48499586, 1, 1, 0
0.48499587, 1, 0, 0
0.48499705, 1, 1, 0
0.48499706, 1, 0, 0
0.48499730, 1, 1, 0
0.48499731, 1, 0, 0
0.48502650, 1, 1, 0
0.48502651, 1, 0, 0
0.48502700, 1, 1, 0
0.48502701, 1, 0, 0
0.48503485, 0, 0, 0
0.48503592, 1, 0, 0
0.48504151, 1, 1, 0
0.48504152, 1, 0, 0
0.48504326, 1, 1, 0
0.48504327, 1, 0, 0
0.48508088, 0, 0, 0
0.48508189, 1, 0, 0
0.48512690, 0, 0, 0
0.48512795, 1, 0, 0
0.48513257, 1, 1, 0
0.48513288, 1, 0, 0
0.48513356, 1, 1, 0
0.48513388, 1, 0, 0
0.48513557, 1, 1, 0
0.48513594, 1, 0, 0
0.48513657, 1, 1, 0
0.48513688, 1, 0, 0
0.48513713, 1, 1, 0
0.48513738, 1, 0, 0
0.48516477, 1, 1, 0
0.48516490, 1, 0, 0
0.48517293, 0, 0, 0
0.48517394, 1, 0, 0
0.48517909, 1, 1, 0
0.48517947, 1, 0, 0
0.48518346, 1, 1, 0
0.48518347, 1, 0, 0
0.48521060, 1, 1, 0
0.48521061, 1, 0, 0
0.48521110, 1, 1, 0
0.48521111, 1, 0, 0
0.48521895, 0, 0, 0
0.48522002, 1, 0, 0
0.48526497, 0, 0, 0
0.48526602, 1, 0, 0
0.48527890, 1, 1, 0
0.48527896, 1, 0, 0
0.48527990, 1, 1, 0
0.48527996, 1, 0, 0
0.48528090, 1, 1, 0
0.48528096, 1, 0, 0
0.48528190, 1, 1, 0
0.48528196, 1, 0, 0
0.48528290, 1, 1, 0
0.48528296, 1, 0, 0
0.48530315, 1, 1, 0
0.48530316, 1, 0, 0
0.48531100, 0, 0, 0
0.48531201, 1, 0, 0
0.48531829, 1, 1, 0
0.48531842, 1, 0, 0
0.48532067, 1, 1, 0
0.48532104, 1, 0, 0
0.48532123, 1, 1, 0
0.48532148, 1, 0, 0
0.48532493, 1, 1, 0
0.48532498, 1, 0, 0
0.48532592, 1, 1, 0
0.48532598, 1, 0, 0
0.48532692, 1, 1, 0
0.48532698, 1, 0, 0
0.48532792, 1, 1, 0
0.48532798, 1, 0, 0
0.48532893, 1, 1, 0
0.48532898, 1, 0, 0
0.48534875, 1, 1, 0
0.48534900, 1, 0, 0
0.48534924, 1, 1, 0
0.48534950, 1, 0, 0
0.48535702, 0, 0, 0
0.48535807, 1, 0, 0
0.48540305, 0, 0, 0
0.48540412, 1, 0, 0
0.48544907, 0, 0, 0
0.48545012, 1, 0, 0
0.48549510, 0, 0, 0
0.48549611, 1, 0, 0
0.48554112, 0, 0, 0
0.48554217, 1, 0, 0
0.48558715, 0, 0, 0
0.48558822, 1, 0, 0
0.48563317, 0, 0, 0
0.48563422, 1, 0, 0
0.48567920, 0, 0, 0
0.48568021, 1, 0, 0
0.48568593, 1, 1, 0
0.48568617, 1, 0, 0
0.48568636, 1, 1, 0
0.48568668, 1, 0, 0
0.48568692, 1, 1, 0
0.48568718, 1, 0, 0
0.48568787, 1, 1, 0
0.48568818, 1, 0, 0
0.48568836, 1, 1, 0
0.48568874, 1, 0, 0
0.48568886, 1, 1, 0
0.48568918, 1, 0, 0
0.48568999, 1, 1, 0
0.48569011, 1, 0, 0
0.48569049, 1, 1, 0
0.48569061, 1, 0, 0
0.48571695, 1, 1, 0
0.48571719, 1, 0, 0
0.48571744, 1, 1, 0
0.48571769, 1, 0, 0
0.48572522, 0, 0, 0
0.48572627, 1, 0, 0
0.48573237, 1, 1, 0
0.48573238, 1, 0, 0
0.48573287, 1, 1, 0
0.48573288, 1, 0, 0
0.48576327, 1, 1, 0
0.48576328, 1, 0, 0
0.48576377, 1, 1, 0
0.48576378, 1, 0, 0
0.48577125, 0, 0, 0
0.48577232, 1, 0, 0
0.48581727, 0, 0, 0
0.48581828, 1, 0, 0
0.48582643, 1, 1, 0
0.48582644, 1, 0, 0
0.48582843, 1, 1, 0
0.48582844, 1, 0, 0
0.48586329, 0, 0, 0
0.48586434, 1, 0, 0
0.48587046, 1, 1, 0
0.48587077, 1, 0, 0
0.48587102, 1, 1, 0
0.48587127, 1, 0, 0
0.48587196, 1, 1, 0
0.48587227, 1, 0, 0
0.48587246, 1, 1, 0
0.48587277, 1, 0, 0
0.48587296, 1, 1, 0
0.48587327, 1, 0, 0
0.48590116, 1, 1, 0
0.48590129, 1, 0, 0
0.48590932, 0, 0, 0
0.48591033, 1, 0, 0
0.48591647, 1, 1, 0
0.48591648, 1, 0, 0
0.48591897, 1, 1, 0
0.48591898, 1, 0, 0
0.48592047, 1, 1, 0
0.48592049, 1, 0, 0
0.48594737, 1, 1, 0
0.48594738, 1, 0, 0
0.48594787, 1, 1, 0
0.48594788, 1, 0, 0
0.48595534, 0, 0, 0
0.48595639, 1, 0, 0
0.48596250, 1, 1, 0
0.48596251, 1, 0, 0
0.48600137, 0, 0, 0
0.48600238, 1, 0, 0
0.48601529, 1, 1, 0
0.48601535, 1, 0, 0
0.48601629, 1, 1, 0
0.48601635, 1, 0, 0
0.48604739, 0, 0, 0
0.48604844, 1, 0, 0
0.48605413, 1, 1, 0
0.48605437, 1, 0, 0
0.48605512, 1, 1, 0
0.48605537, 1, 0, 0
0.48605656, 1, 1, 0
0.48605693, 1, 0, 0
0.48605705, 1, 1, 0
0.48605706, 1, 0, 0
0.48605819, 1, 1, 0
0.48605831, 1, 0, 0
0.48605869, 1, 1, 0
0.48605881, 1, 0, 0
0.48606132, 1, 1, 0
0.48606137, 1, 0, 0
0.48606232, 1, 1, 0
0.48606237, 1, 0, 0
0.48608514, 1, 1, 0
0.48608539, 1, 0, 0
0.48608564, 1, 1, 0
0.48608589, 1, 0, 0
0.48609341, 0, 0, 0
0.48609443, 1, 0, 0
0.48613944, 0, 0, 0
0.48614049, 1, 0, 0
0.48618546, 0, 0, 0
0.48618648, 1, 0, 0
0.48623149, 0, 0, 0
0.48623250, 1, 0, 0
0.48627751, 0, 0, 0
0.48627856, 1, 0, 0
0.48632354, 0, 0, 0
0.48632459, 1, 0, 0
0.48636956, 0, 0, 0
0.48637061, 1, 0, 0
0.48641559, 0, 0, 0
0.48641660, 1, 0, 0
0.48642232, 1, 1, 0
0.48642257, 1, 0, 0
0.48642275, 1, 1, 0
0.48642307, 1, 0, 0
0.48642331, 1, 1, 0
0.48642357, 1, 0, 0
0.48642426, 1, 1, 0
0.48642457, 1, 0, 0
0.48642475, 1, 1, 0
0.48642513, 1, 0, 0
0.48642525, 1, 1, 0
0.48642557, 1, 0, 0
0.48642639, 1, 1, 0
0.48642651, 1, 0, 0
0.48642688, 1, 1, 0
0.48642707, 1, 0, 0
0.48645334, 1, 1, 0
0.48645358, 1, 0, 0
0.48645383, 1, 1, 0
0.48645408, 1, 0, 0
0.48646161, 0, 0, 0
0.48646266, 1, 0, 0
0.48646877, 1, 1, 0
0.48646878, 1, 0, 0
0.48646927, 1, 1, 0
0.48646928, 1, 0, 0
0.48647077, 1, 1, 0
0.48647078, 1, 0, 0
0.48647233, 1, 1, 0
0.48647234, 1, 0, 0
0.48647258, 1, 1, 0
0.48647259, 1, 0, 0
0.48647283, 1, 1, 0
0.48647284, 1, 0, 0
0.48649978, 1, 1, 0
0.48649979, 1, 0, 0
0.48650763, 0, 0, 0
0.48650869, 1, 0, 0
0.48655366, 0, 0, 0
0.48655471, 1, 0, 0
0.48656082, 1, 1, 0
0.48656083, 1, 0, 0
0.48656132, 1, 1, 0
0.48656133, 1, 0, 0
0.48656282, 1, 1, 0
0.48656283, 1, 0, 0
0.48659969, 0, 0, 0
0.48660070, 1, 0, 0
0.48660685, 1, 1, 0
0.48660717, 1, 0, 0
0.48660741, 1, 1, 0
0.48660767, 1, 0, 0
0.48660836, 1, 1, 0
0.48660867, 1, 0, 0
0.48660885, 1, 1, 0
0.48660917, 1, 0, 0
0.48660935, 1, 1, 0
0.48660967, 1, 0, 0
0.48663756, 1, 1, 0
0.48663768, 1, 0, 0
0.48663786, 1, 1, 0
0.48663787, 1, 0, 0
0.48664571, 0, 0, 0
0.48664676, 1, 0, 0
0.48665274, 1, 1, 0
0.48665275, 1, 0, 0
0.48665374, 1, 1, 0
0.48665375, 1, 0, 0
0.48668388, 1, 1, 0
0.48668389, 1, 0, 0
0.48669173, 0, 0, 0
0.48669280, 1, 0, 0
0.48672991, 1, 1, 0
0.48672992, 1, 0, 0
0.48673776, 0, 0, 0
0.48673877, 1, 0, 0
0.48675168, 1, 1, 0
0.48675174, 1, 0, 0
0.48675269, 1, 1, 0
0.48675274, 1, 0, 0
0.48678378, 0, 0, 0
0.48678483, 1, 0, 0
0.48679052, 1, 1, 0
0.48679076, 1, 0, 0
0.48679152, 1, 1, 0
0.48679176, 1, 0, 0
0.48679296, 1, 1, 0
0.48679333, 1, 0, 0
0.48679458, 1, 1, 0
0.48679470, 1, 0, 0
0.48679501, 1, 1, 0
0.48679533, 1, 0, 0
0.48679771, 1, 1, 0
0.48679777, 1, 0, 0
0.48679871, 1, 1, 0
0.48679877, 1, 0, 0
0.48682154, 1, 1, 0
0.48682178, 1, 0, 0
0.48682203, 1, 1, 0
0.48682228, 1, 0, 0
0.48682981, 0, 0, 0
0.48683082, 1, 0, 0
0.48687583, 0, 0, 0
0.48687690, 1, 0, 0
0.48692186, 0, 0, 0
0.48692287, 1, 0, 0
0.48696788, 0, 0, 0
0.48696893, 1, 0, 0
0.48701391, 0, 0, 0
0.48701492, 1, 0, 0
0.48705993, 0, 0, 0
0.48706100, 1, 0, 0
0.48710596, 0, 0, 0
0.48710697, 1, 0, 0
0.48715198, 0, 0, 0
0.48715303, 1, 0, 0
0.48715771, 1, 1, 0
0.48715796, 1, 0, 0
0.48715814, 1, 1, 0
0.48715852, 1, 0, 0
0.48715864, 1, 1, 0
0.48715865, 1, 0, 0
0.48715914, 1, 1, 0
0.48715952, 1, 0, 0
0.48715964, 1, 1, 0
0.48715996, 1, 0, 0
0.48718973, 1, 1, 0
0.48718998, 1, 0, 0
0.48719022, 1, 1, 0
0.48719048, 1, 0, 0
0.48719800, 0, 0, 0
0.48719905, 1, 0, 0
0.48720416, 1, 1, 0
0.48720417, 1, 0, 0
0.48720504, 1, 1, 0
0.48720505, 1, 0, 0
0.48720516, 1, 1, 0
0.48720517, 1, 0, 0
0.48720604, 1, 1, 0
0.48720605, 1, 0, 0
0.48720629, 1, 1, 0
0.48720630, 1, 0, 0
0.48720641, 1, 1, 0
0.48720642, 1, 0, 0
0.48723605, 1, 1, 0
0.48723606, 1, 0, 0
0.48723655, 1, 1, 0
0.48723656, 1, 0, 0
0.48724403, 0, 0, 0
0.48724511, 1, 0, 0
0.48725070, 1, 1, 0
0.48725076, 1, 0, 0
0.48729005, 0, 0, 0
0.48729110, 1, 0, 0
0.48729721, 1, 1, 0
0.48729722, 1, 0, 0
0.48733608, 0, 0, 0
0.48733709, 1, 0, 0
0.48734193, 1, 1, 0
0.48734206, 1, 0, 0
0.48734224, 1, 1, 0
0.48734256, 1, 0, 0
0.48734324, 1, 1, 0
0.48734356, 1, 0, 0
0.48734374, 1, 1, 0
0.48734406, 1, 0, 0
0.48737395, 1, 1, 0
0.48737407, 1, 0, 0
0.48738210, 0, 0, 0
0.48738315, 1, 0, 0
0.48738776, 1, 1, 0
0.48738777, 1, 0, 0
0.48738826, 1, 1, 0
0.48738827, 1, 0, 0
0.48738876, 1, 1, 0
0.48738877, 1, 0, 0
0.48738901, 1, 1, 0
0.48738902, 1, 0, 0
0.48738925, 1, 1, 0
0.48738927, 1, 0, 0
0.48738976, 1, 1, 0
0.48738977, 1, 0, 0
0.48738995, 1, 1, 0
0.48738996, 1, 0, 0
0.48739026, 1, 1, 0
0.48739027, 1, 0, 0
0.48739028, 1, 1, 0
0.48739065, 1, 0, 0
0.48739076, 1, 1, 0
0.48739077, 1, 0, 0
0.48742015, 1, 1, 0
0.48742016, 1, 0, 0
0.48742065, 1, 1, 0
0.48742066, 1, 0, 0
0.48742813, 0, 0, 0
0.48742921, 1, 0, 0
0.48743511, 1, 1, 0
0.48743517, 1, 0, 0
0.48747415, 0, 0, 0
0.48747520, 1, 0, 0
0.48748031, 1, 1, 0
0.48748032, 1, 0, 0
0.48748131, 1, 1, 0
0.48748132, 1, 0, 0
0.48748231, 1, 1, 0
0.48748232, 1, 0, 0
0.48748281, 1, 1, 0
0.48748282, 1, 0, 0
0.48748808, 1, 1, 0
0.48748813, 1, 0, 0
0.48748908, 1, 1, 0
0.48748914, 1, 0, 0
0.48749008, 1, 1, 0
0.48749014, 1, 0, 0
0.48749108, 1, 1, 0
0.48749114, 1, 0, 0
0.48749208, 1, 1, 0
0.48749214, 1, 0, 0
0.48749308, 1, 1, 0
0.48749314, 1, 0, 0
0.48749408, 1, 1, 0
0.48749414, 1, 0, 0
0.48749508, 1, 1, 0
0.48749514, 1, 0, 0
0.48749608, 1, 1, 0
0.48749614, 1, 0, 0
0.48752018, 0, 0, 0
0.48752119, 1, 0, 0
0.48752591, 1, 1, 0
0.48752616, 1, 0, 0
0.48752634, 1, 1, 0
0.48752672, 1, 0, 0
0.48752734, 1, 1, 0
0.48752772, 1, 0, 0
0.48752884, 1, 1, 0
0.48752922, 1, 0, 0
0.48753410, 1, 1, 0
0.48753416, 1, 0, 0
0.48753510, 1, 1, 0
0.48753516, 1, 0, 0
0.48753610, 1, 1, 0
0.48753616, 1, 0, 0
0.48753710, 1, 1, 0
0.48753716, 1, 0, 0
0.48753810, 1, 1, 0
0.48753816, 1, 0, 0
0.48753911, 1, 1, 0
0.48753916, 1, 0, 0
0.48754010, 1, 1, 0
0.48754016, 1, 0, 0
0.48754110, 1, 1, 0
0.48754116, 1, 0, 0
0.48754210, 1, 1, 0
0.48754216, 1, 0, 0
0.48755793, 1, 1, 0
0.48755817, 1, 0, 0
0.48755842, 1, 1, 0
0.48755867, 1, 0, 0
0.48756620, 0, 0, 0
0.48756721, 1, 0, 0
0.48761223, 0, 0, 0
0.48761327, 1, 0, 0
0.48765825, 0, 0, 0
0.48765926, 1, 0, 0
0.48770427, 0, 0, 0
0.48770532, 1, 0, 0
0.48775030, 0, 0, 0
0.48775131, 1, 0, 0
0.48779632, 0, 0, 0
0.48779738, 1, 0, 0
0.48784235, 0, 0, 0
0.48784336, 1, 0, 0
0.48788837, 0, 0, 0
0.48788942, 1, 0, 0
0.48789411, 1, 1, 0
0.48789435, 1, 0, 0
0.48789454, 1, 1, 0
0.48789491, 1, 0, 0
0.48789510, 1, 1, 0
0.48789535, 1, 0, 0
0.48789553, 1, 1, 0
0.48789585, 1, 0, 0
0.48789660, 1, 1, 0
0.48789685, 1, 0, 0
0.48789704, 1, 1, 0
0.48789741, 1, 0, 0
0.48789804, 1, 1, 0
0.48789829, 1, 0, 0
0.48789854, 1, 1, 0
0.48789892, 1, 0, 0
0.48789903, 1, 1, 0
0.48789904, 1, 0, 0
0.48789966, 1, 1, 0
0.48789979, 1, 0, 0
0.48790010, 1, 1, 0
0.48790035, 1, 0, 0
0.48790054, 1, 1, 0
0.48790092, 1, 0, 0
0.48790110, 1, 1, 0
0.48790136, 1, 0, 0
0.48793440, 0, 0, 0
0.48793541, 1, 0, 0
0.48794412, 1, 1, 0
0.48794413, 1, 0, 0
0.48794437, 1, 1, 0
0.48794438, 1, 0, 0
0.48798042, 0, 0, 0
0.48798148, 1, 0, 0
0.48798758, 1, 1, 0
0.48798759, 1, 0, 0
0.48798858, 1, 1, 0
0.48798859, 1, 0, 0
0.48799058, 1, 1, 0
0.48799059, 1, 0, 0
0.48802645, 0, 0, 0
0.48802746, 1, 0, 0
0.48807247, 0, 0, 0
0.48807352, 1, 0, 0
0.48807820, 1, 1, 0
0.48807845, 1, 0, 0
0.48807963, 1, 1, 0
0.48807995, 1, 0, 0
0.48808013, 1, 1, 0
0.48808014, 1, 0, 0
0.48808063, 1, 1, 0
0.48808064, 1, 0, 0
0.48808082, 1, 1, 0
0.48808095, 1, 0, 0
0.48808113, 1, 1, 0
0.48808145, 1, 0, 0
0.48808163, 1, 1, 0
0.48808201, 1, 0, 0
0.48808263, 1, 1, 0
0.48808295, 1, 0, 0
0.48808313, 1, 1, 0
0.48808314, 1, 0, 0
0.48808464, 1, 1, 0
0.48808495, 1, 0, 0
0.48808520, 1, 1, 0
0.48808545, 1, 0, 0
0.48811849, 0, 0, 0
0.48811954, 1, 0, 0
0.48812616, 1, 1, 0
0.48812654, 1, 0, 0
0.48816452, 0, 0, 0
0.48816558, 1, 0, 0
0.48817268, 1, 1, 0
0.48817269, 1, 0, 0
0.48817318, 1, 1, 0
0.48817319, 1, 0, 0
0.48817468, 1, 1, 0
0.48817469, 1, 0, 0
0.48821054, 0, 0, 0
0.48821159, 1, 0, 0
0.48825657, 0, 0, 0
0.48825758, 1, 0, 0
0.48826230, 1, 1, 0
0.48826255, 1, 0, 0
0.48826330, 1, 1, 0
0.48826355, 1, 0, 0
0.48826480, 1, 1, 0
0.48826505, 1, 0, 0
0.48826523, 1, 1, 0
0.48826561, 1, 0, 0
0.48826624, 1, 1, 0
0.48826649, 1, 0, 0
0.48826674, 1, 1, 0
0.48826711, 1, 0, 0
0.48826786, 1, 1, 0
0.48826799, 1, 0, 0
0.48826830, 1, 1, 0
0.48826855, 1, 0, 0
0.48826873, 1, 1, 0
0.48826911, 1, 0, 0
0.48826929, 1, 1, 0
0.48826955, 1, 0, 0
0.48830259, 0, 0, 0
0.48830364, 1, 0, 0
0.48834862, 0, 0, 0
0.48834968, 1, 0, 0
0.48839464, 0, 0, 0
0.48839569, 1, 0, 0
0.48844066, 0, 0, 0
0.48844168, 1, 0, 0
0.48848669, 0, 0, 0
0.48848774, 1, 0, 0
0.48853271, 0, 0, 0
0.48853379, 1, 0, 0
0.48857874, 0, 0, 0
0.48857979, 1, 0, 0
0.48862476, 0, 0, 0
0.48862581, 1, 0, 0
0.48863193, 1, 1, 0
0.48863231, 1, 0, 0
0.48863249, 1, 1, 0
0.48863275, 1, 0, 0
0.48866251, 1, 1, 0
0.48866276, 1, 0, 0
0.48866301, 1, 1, 0
0.48866326, 1, 0, 0
0.48867079, 0, 0, 0
0.48867180, 1, 0, 0
0.48871681, 0, 0, 0
0.48871789, 1, 0, 0
0.48876284, 0, 0, 0
0.48876385, 1, 0, 0
0.48880886, 0, 0, 0
0.48880991, 1, 0, 0
0.48881560, 1, 1, 0
0.48881565, 1, 0, 0
0.48881603, 1, 1, 0
0.48881634, 1, 0, 0
0.48881659, 1, 1, 0
0.48881684, 1, 0, 0
0.48884673, 1, 1, 0
0.48884686, 1, 0, 0
0.48885489, 0, 0, 0
0.48885590, 1, 0, 0
0.48886173, 1, 1, 0
0.48886174, 1, 0, 0
0.48889293, 1, 1, 0
0.48889294, 1, 0, 0
0.48889343, 1, 1, 0
0.48889344, 1, 0, 0
0.48890091, 0, 0, 0
0.48890199, 1, 0, 0
0.48894694, 0, 0, 0
0.48894795, 1, 0, 0
0.48896086, 1, 1, 0
0.48896092, 1, 0, 0
0.48896186, 1, 1, 0
0.48896192, 1, 0, 0
0.48896286, 1, 1, 0
0.48896292, 1, 0, 0
0.48896386, 1, 1, 0
0.48896392, 1, 0, 0
0.48896486, 1, 1, 0
0.48896492, 1, 0, 0
0.48896586, 1, 1, 0
0.48896592, 1, 0, 0
0.48896686, 1, 1, 0
0.48896692, 1, 0, 0
0.48898511, 1, 1, 0
0.48898512, 1, 0, 0
0.48899296, 0, 0, 0
0.48899401, 1, 0, 0
0.48900012, 1, 1, 0
0.48900050, 1, 0, 0
0.48900069, 1, 1, 0
0.48900094, 1, 0, 0
0.48900689, 1, 1, 0
0.48900694, 1, 0, 0
0.48900789, 1, 1, 0
0.48900794, 1, 0, 0
0.48900889, 1, 1, 0
0.48900894, 1, 0, 0
0.48900989, 1, 1, 0
0.48900995, 1, 0, 0
0.48901089, 1, 1, 0
0.48901095, 1, 0, 0
0.48901189, 1, 1, 0
0.48901195, 1, 0, 0
0.48901289, 1, 1, 0
0.48901295, 1, 0, 0
0.48903071, 1, 1, 0
0.48903096, 1, 0, 0
0.48903120, 1, 1, 0
0.48903146, 1, 0, 0
0.48903898, 0, 0, 0
0.48904000, 1, 0, 0
0.48908501, 0, 0, 0
0.48908609, 1, 0, 0
0.48913103, 0, 0, 0
0.48913208, 1, 0, 0
0.48917706, 0, 0, 0
0.48917807, 1, 0, 0
0.48922308, 0, 0, 0
0.48922413, 1, 0, 0
0.48926911, 0, 0, 0
0.48927016, 1, 0, 0
0.48931513, 0, 0, 0
0.48931618, 1, 0, 0
0.48936116, 0, 0, 0
0.48936217, 1, 0, 0
0.48936883, 1, 1, 0
0.48936920, 1, 0, 0
0.48936945, 1, 1, 0
0.48936957, 1, 0, 0
0.48940718, 0, 0, 0
0.48940823, 1, 0, 0
0.48941484, 1, 1, 0
0.48941485, 1, 0, 0
0.48941540, 1, 1, 0
0.48941541, 1, 0, 0
0.48941565, 1, 1, 0
0.48941566, 1, 0, 0
0.48945320, 0, 0, 0
0.48945426, 1, 0, 0
0.48949923, 0, 0, 0
0.48950028, 1, 0, 0
0.48950659, 1, 1, 0
0.48950665, 1, 0, 0
0.48950809, 1, 1, 0
0.48950815, 1, 0, 0
0.48954525, 0, 0, 0
0.48954630, 1, 0, 0
0.48955262, 1, 1, 0
0.48955267, 1, 0, 0
0.48955292, 1, 1, 0
0.48955324, 1, 0, 0
0.48955411, 1, 1, 0
0.48955417, 1, 0, 0
0.48959128, 0, 0, 0
0.48959229, 1, 0, 0
0.48959944, 1, 1, 0
0.48959945, 1, 0, 0
0.48963730, 0, 0, 0
0.48963837, 1, 0, 0
0.48968333, 0, 0, 0
0.48968434, 1, 0, 0
0.48969069, 1, 1, 0
0.48969075, 1, 0, 0
0.48969218, 1, 1, 0
0.48969225, 1, 0, 0
0.48972935, 0, 0, 0
0.48973040, 1, 0, 0
0.48973671, 1, 1, 0
0.48973677, 1, 0, 0
0.48973765, 1, 1, 0
0.48973777, 1, 0, 0
0.48973821, 1, 1, 0
0.48973827, 1, 0, 0
0.48977538, 0, 0, 0
0.48977639, 1, 0, 0
0.48982140, 0, 0, 0
0.48982247, 1, 0, 0
0.48986743, 0, 0, 0
0.48986847, 1, 0, 0
0.48991345, 0, 0, 0
0.48991446, 1, 0, 0
0.48992713, 1, 1, 0
0.48992756, 1, 0, 0
0.48995947, 0, 0, 0
0.48996052, 1, 0, 0
0.48997312, 1, 0, 1
0.48997314, 1, 1, 1
0.48997358, 1, 0, 0
0.49000550, 0, 0, 0
0.49000657, 1, 0, 0
0.49005152, 0, 0, 0
0.49005257, 1, 0, 0
0.49009755, 0, 0, 0
0.49009856, 1, 0, 0
0.49014357, 0, 0, 0
0.49014462, 1, 0, 0
0.49018960, 0, 0, 0
0.49019067, 1, 0, 0
0.49023562, 0, 0, 0
0.49023667, 1, 0, 0
0.49028165, 0, 0, 0
0.49028266, 1, 0, 0
0.49032767, 0, 0, 0
0.49032872, 1, 0, 0
0.49037370, 0, 0, 0
0.49037477, 1, 0, 0
0.49041972, 0, 0, 0
0.49042074, 1, 0, 0
0.49046575, 0, 0, 0
0.49046679, 1, 0, 0
0.49051177, 0, 0, 0
0.49051278, 1, 0, 0
0.49055780, 0, 0, 0
0.49055884, 1, 0, 0
0.49060382, 0, 0, 0
0.49060483, 1, 0, 0
0.49064984, 0, 0, 0
0.49065089, 1, 0, 0
0.49069587, 0, 0, 0
0.49069688, 1, 0, 0
0.49074189, 0, 0, 0
0.49074294, 1, 0, 0
0.49078792, 0, 0, 0
0.49078893, 1, 0, 0
0.49083394, 0, 0, 0
0.49083499, 1, 0, 0
0.49087996, 0, 0, 0
0.49088098, 1, 0, 0
0.49092599, 0, 0, 0
0.49092704, 1, 0, 0
0.49097201, 0, 0, 0
0.49097306, 1, 0, 0
0.49101804, 0, 0, 0
0.49101905, 1, 0, 0
0.49106406, 0, 0, 0
0.49106511, 1, 0, 0
0.49111009, 0, 0, 0
0.49111115, 1, 0, 0
0.49115611, 0, 0, 0
0.49115716, 1, 0, 0
0.49120214, 0, 0, 0
0.49120315, 1, 0, 0
0.49124816, 0, 0, 0
0.49124921, 1, 0, 0
0.49129418, 0, 0, 0
0.49129525, 1, 0, 0
0.49134021, 0, 0, 0
0.49134126, 1, 0, 0
0.49138623, 0, 0, 0
0.49138728, 1, 0, 0
0.49143226, 0, 0, 0
0.49143331, 1, 0, 0
0.49147828, 0, 0, 0
0.49147935, 1, 0, 0
0.49152431, 0, 0, 0
0.49152532, 1, 0, 0
0.49157033, 0, 0, 0
0.49157138, 1, 0, 0
0.49161636, 0, 0, 0
0.49161737, 1, 0, 0
0.49166238, 0, 0, 0
0.49166345, 1, 0, 0
0.49170841, 0, 0, 0
0.49170942, 1, 0, 0
0.49175443, 0, 0, 0
0.49175548, 1, 0, 0
0.49180046, 0, 0, 0
0.49180147, 1, 0, 0
0.49184648, 0, 0, 0
0.49184756, 1, 0, 0
0.49189250, 0, 0, 0
0.49189352, 1, 0, 0
0.49193853, 0, 0, 0
0.49193958, 1, 0, 0
0.49198455, 0, 0, 0
0.49198560, 1, 0, 0
0.49203058, 0, 0, 0
0.49203166, 1, 0, 0
0.49207660, 0, 0, 0
0.49207765, 1, 0, 0
0.49212263, 0, 0, 0
0.49212364, 1, 0, 0
0.49216865, 0, 0, 0
0.49216970, 1, 0, 0
0.49221468, 0, 0, 0
0.49221576, 1, 0, 0
0.49226070, 0, 0, 0
0.49226175, 1, 0, 0
0.49230673, 0, 0, 0
0.49230777, 1, 0, 0
0.49235275, 0, 0, 0
0.49235376, 1, 0, 0
0.49239877, 0, 0, 0
0.49239987, 1, 0, 0
0.49244480, 0, 0, 0
0.49244581, 1, 0, 0
0.49249082, 0, 0, 0
0.49249187, 1, 0, 0
0.49253685, 0, 0, 0
0.49253786, 1, 0, 0
0.49258287, 0, 0, 0
0.49258393, 1, 0, 0
0.49262890, 0, 0, 0
0.49262991, 1, 0, 0
0.49267492, 0, 0, 0
0.49267597, 1, 0, 0
0.49272095, 0, 0, 0
0.49272196, 1, 0, 0
0.49276697, 0, 0, 0
0.49276803, 1, 0, 0
0.49281300, 0, 0, 0
0.49281401, 1, 0, 0
0.49285902, 0, 0, 0
0.49286004, 1, 0, 0
0.49290504, 0, 0, 0
0.49290609, 1, 0, 0
0.49295107, 0, 0, 0
0.49295213, 1, 0, 0
0.49299709, 0, 0, 0
0.49299814, 1, 0, 0
0.49304312, 0, 0, 0
0.49304413, 1, 0, 0
0.49308914, 0, 0, 0
0.49309019, 1, 0, 0
0.49313517, 0, 0, 0
0.49313624, 1, 0, 0
0.49318119, 0, 0, 0
0.49318224, 1, 0, 0
0.49322721, 0, 0, 0
0.49322823, 1, 0, 0
0.49327324, 0, 0, 0
0.49327429, 1, 0, 0
0.49331926, 0, 0, 0
0.49332034, 1, 0, 0
0.49336529, 0, 0, 0
0.49336630, 1, 0, 0
0.49341131, 0, 0, 0
0.49341236, 1, 0, 0
0.49345734, 0, 0, 0
0.49345835, 1, 0, 0
0.49350336, 0, 0, 0
0.49350444, 1, 0, 0
0.49354939, 0, 0, 0
0.49355040, 1, 0, 0
0.49359541, 0, 0, 0
0.49359646, 1, 0, 0
0.49364144, 0, 0, 0
0.49364245, 1, 0, 0
0.49368746, 0, 0, 0
0.49368854, 1, 0, 0
0.49373349, 0, 0, 0
0.49373450, 1, 0, 0
0.49377951, 0, 0, 0
0.49378056, 1, 0, 0
0.49382553, 0, 0, 0
0.49382658, 1, 0, 0
0.49387156, 0, 0, 0
0.49387265, 1, 0, 0
0.49391758, 0, 0, 0
0.49391863, 1, 0, 0
0.49396361, 0, 0, 0
0.49396462, 1, 0, 0
0.49400963, 0, 0, 0
0.49401068, 1, 0, 0
0.49405566, 0, 0, 0
0.49405671, 1, 0, 0
0.49410168, 0, 0, 0
0.49410273, 1, 0, 0
0.49414771, 0, 0, 0
0.49414872, 1, 0, 0
0.49419373, 0, 0, 0
0.49419478, 1, 0, 0
0.49423975, 0, 0, 0
0.49424082, 1, 0, 0
0.49428578, 0, 0, 0
0.49428683, 1, 0, 0
0.49433180, 0, 0, 0
0.49433285, 1, 0, 0
0.49437783, 0, 0, 0
0.49437884, 1, 0, 0
0.49442385, 0, 0, 0
0.49442492, 1, 0, 0
0.49446988, 0, 0, 0
0.49447089, 1, 0, 0
0.49451590, 0, 0, 0
0.49451695, 1, 0, 0
0.49456193, 0, 0, 0
0.49456294, 1, 0, 0
0.49460795, 0, 0, 0
0.49460902, 1, 0, 0
0.49465398, 0, 0, 0
0.49465499, 1, 0, 0
0.49470000, 0, 0, 0
0.49470101, 1, 0, 0
0.49474602, 0, 0, 0
0.49474707, 1, 0, 0
0.49479205, 0, 0, 0
0.49479312, 1, 0, 0
0.49483807, 0, 0, 0
0.49483912, 1, 0, 0
0.49488410, 0, 0, 0
0.49488511, 1, 0, 0
0.49493012, 0, 0, 0
0.49493117, 1, 0, 0
0.49497615, 0, 0, 0
0.49497722, 1, 0, 0
0.49502217, 0, 0, 0
0.49502322, 1, 0, 0
0.49506820, 0, 0, 0
0.49506921, 1, 0, 0
0.49511422, 0, 0, 0
0.49511527, 1, 0, 0
0.49516025, 0, 0, 0
