Time[s], BSYNC, VIDEO, INTENS
0.42693181, 0, 0, 1
0.42698895, 1, 0, 1
0.42699433, 0, 0, 1
0.42705146, 1, 0, 1
0.42705687, 0, 0, 1
0.42711397, 1, 0, 1
0.42711935, 0, 0, 1
0.42717649, 1, 0, 1
0.42718194, 0, 0, 1
0.42723900, 1, 0, 1
0.42724438, 0, 0, 1
0.42730151, 1, 0, 1
0.42730689, 0, 0, 1
0.42736403, 1, 0, 1
0.42736941, 0, 0, 1
0.42742654, 1, 0, 1
0.42743194, 0, 0, 1
0.42748905, 1, 0, 1
0.42749446, 0, 0, 1
0.42755157, 1, 0, 1
0.42755697, 0, 0, 1
0.42761408, 1, 0, 1
0.42761949, 0, 0, 1
0.42767659, 1, 0, 1
0.42768200, 0, 0, 1
0.42769302, 1, 0, 1
0.42774452, 0, 0, 1
0.42774941, 1, 0, 1
0.42780698, 0, 0, 1
0.42781192, 1, 0, 1
0.42786955, 0, 0, 1
0.42787444, 1, 0, 1
0.42793204, 0, 0, 1
0.42793695, 1, 0, 1
0.42799455, 0, 0, 1
0.42799947, 1, 0, 1
0.42805706, 0, 0, 1
0.42806197, 1, 0, 1
0.42811958, 0, 0, 1
0.42812449, 1, 0, 1
0.42818209, 0, 0, 1
0.42818700, 1, 0, 1
0.42824460, 0, 0, 1
0.42824952, 1, 0, 1
0.42830711, 0, 0, 1
0.42831203, 1, 0, 1
0.42836963, 0, 0, 1
0.42837454, 1, 0, 1
0.42843217, 0, 0, 1
0.42843706, 1, 0, 1
0.42849471, 0, 0, 1
0.42849957, 1, 0, 1
0.42850675, 1, 1, 1
0.42850785, 1, 0, 1
0.42850849, 1, 1, 1
0.42850897, 1, 0, 1
0.42851008, 1, 1, 1
0.42851038, 1, 0, 1
0.42851044, 1, 1, 1
0.42851079, 1, 0, 1
0.42851261, 1, 1, 1
0.42851285, 1, 0, 1
0.42851478, 1, 1, 1
0.42851531, 1, 0, 1
0.42851543, 1, 1, 1
0.42851599, 1, 0, 1
0.42851652, 1, 1, 1
0.42851712, 1, 0, 1
0.42851724, 1, 1, 1
0.42851762, 1, 0, 1
0.42851840, 1, 1, 1
0.42851867, 1, 0, 1
0.42851873, 1, 1, 1
0.42851950, 1, 0, 1
0.42852050, 1, 1, 1
0.42852175, 1, 0, 1
0.42852180, 1, 1, 1
0.42852229, 1, 0, 1
0.42852303, 1, 1, 1
0.42852341, 1, 0, 1
0.42852346, 1, 1, 1
0.42852532, 1, 0, 1
0.42852694, 1, 1, 1
0.42852751, 1, 0, 1
0.42852759, 1, 1, 1
0.42852812, 1, 0, 1
0.42852815, 1, 1, 1
0.42853055, 1, 0, 1
0.42855719, 0, 0, 1
0.42856209, 1, 0, 1
0.42856919, 1, 1, 1
0.42856943, 1, 0, 1
0.42856948, 1, 1, 1
0.42857044, 1, 0, 1
0.42857093, 1, 1, 1
0.42857158, 1, 0, 1
0.42857259, 1, 1, 1
0.42857286, 1, 0, 1
0.42857295, 1, 1, 1
0.42857333, 1, 0, 1
0.42857723, 1, 1, 1
0.42857746, 1, 0, 1
0.42857759, 1, 1, 1
0.42857855, 1, 0, 1
0.42857896, 1, 1, 1
0.42858014, 1, 0, 1
0.42858084, 1, 1, 1
0.42858201, 1, 0, 1
0.42858316, 1, 1, 1
0.42858350, 1, 0, 1
0.42858359, 1, 1, 1
0.42858484, 1, 0, 1
0.42858547, 1, 1, 1
0.42858585, 1, 0, 1
0.42858590, 1, 1, 1
0.42858781, 1, 0, 1
0.42858938, 1, 1, 1
0.42858964, 1, 0, 1
0.42858974, 1, 1, 1
0.42859212, 1, 0, 1
0.42859227, 1, 1, 1
0.42859313, 1, 0, 1
0.42861968, 0, 0, 1
0.42862459, 1, 0, 1
0.42863164, 1, 1, 1
0.42863187, 1, 0, 1
0.42863221, 1, 1, 1
0.42863295, 1, 0, 1
0.42863315, 1, 1, 1
0.42863409, 1, 0, 1
0.42863511, 1, 1, 1
0.42863589, 1, 0, 1
0.42863974, 1, 1, 1
0.42864073, 1, 0, 1
0.42864147, 1, 1, 1
0.42864267, 1, 0, 1
0.42864328, 1, 1, 1
0.42864448, 1, 0, 1
0.42864567, 1, 1, 1
0.42864591, 1, 0, 1
0.42864610, 1, 1, 1
0.42864743, 1, 0, 1
0.42864791, 1, 1, 1
0.42865030, 1, 0, 1
0.42865189, 1, 1, 1
0.42865285, 1, 0, 1
0.42865305, 1, 1, 1
0.42865342, 1, 0, 1
0.42865363, 1, 1, 1
0.42865454, 1, 0, 1
0.42865479, 1, 1, 1
0.42865556, 1, 0, 1
0.42868222, 0, 0, 1
0.42868711, 1, 0, 1
0.42869415, 1, 1, 1
0.42869445, 1, 0, 1
0.42869473, 1, 1, 1
0.42869547, 1, 0, 1
0.42869559, 1, 1, 1
0.42869663, 1, 0, 1
0.42869762, 1, 1, 1
0.42869792, 1, 0, 1
0.42869798, 1, 1, 1
0.42870004, 1, 0, 1
0.42870007, 1, 1, 1
0.42870183, 1, 0, 1
0.42870225, 1, 1, 1
0.42870320, 1, 0, 1
0.42870399, 1, 1, 1
0.42870517, 1, 0, 1
0.42870594, 1, 1, 1
0.42870622, 1, 0, 1
0.42870630, 1, 1, 1
0.42870657, 1, 0, 1
0.42870666, 1, 1, 1
0.42870700, 1, 0, 1
0.42870818, 1, 1, 1
0.42870849, 1, 0, 1
0.42870862, 1, 1, 1
0.42870990, 1, 0, 1
0.42871057, 1, 1, 1
0.42871090, 1, 0, 1
0.42871093, 1, 1, 1
0.42871286, 1, 0, 1
0.42871441, 1, 1, 1
0.42871538, 1, 0, 1
0.42871556, 1, 1, 1
0.42871594, 1, 0, 1
0.42871614, 1, 1, 1
0.42871804, 1, 0, 1
0.42874471, 0, 0, 1
0.42874962, 1, 0, 1
0.42875666, 1, 1, 1
0.42875687, 1, 0, 1
0.42875724, 1, 1, 1
0.42875787, 1, 0, 1
0.42875803, 1, 1, 1
0.42875915, 1, 0, 1
0.42876013, 1, 1, 1
0.42876226, 1, 0, 1
0.42876267, 1, 1, 1
0.42876437, 1, 0, 1
0.42876476, 1, 1, 1
0.42876607, 1, 0, 1
0.42876650, 1, 1, 1
0.42876768, 1, 0, 1
0.42876845, 1, 1, 1
0.42876881, 1, 0, 1
0.42876889, 1, 1, 1
0.42876953, 1, 0, 1
0.42877070, 1, 1, 1
0.42877100, 1, 0, 1
0.42877113, 1, 1, 1
0.42877245, 1, 0, 1
0.42877308, 1, 1, 1
0.42877539, 1, 0, 1
0.42877576, 1, 1, 1
0.42877644, 1, 0, 1
0.42877692, 1, 1, 1
0.42877790, 1, 0, 1
0.42877808, 1, 1, 1
0.42877939, 1, 0, 1
0.42877952, 1, 1, 1
0.42878055, 1, 0, 1
0.42880725, 0, 0, 1
0.42881214, 1, 0, 1
0.42881918, 1, 1, 1
0.42881945, 1, 0, 1
0.42881975, 1, 1, 1
0.42882013, 1, 0, 1
0.42882048, 1, 1, 1
0.42882086, 1, 0, 1
0.42882091, 1, 1, 1
0.42882165, 1, 0, 1
0.42882170, 1, 1, 1
0.42882212, 1, 0, 1
0.42882265, 1, 1, 1
0.42882297, 1, 0, 1
0.42882301, 1, 1, 1
0.42882427, 1, 0, 1
0.42882445, 1, 1, 1
0.42882505, 1, 0, 1
0.42882518, 1, 1, 1
0.42882687, 1, 0, 1
0.42882728, 1, 1, 1
0.42882857, 1, 0, 1
0.42882901, 1, 1, 1
0.42882975, 1, 0, 1
0.42882981, 1, 1, 1
0.42883019, 1, 0, 1
0.42883097, 1, 1, 1
0.42883131, 1, 0, 1
0.42883169, 1, 1, 1
0.42883203, 1, 0, 1
0.42883212, 1, 1, 1
0.42883257, 1, 0, 1
0.42883321, 1, 1, 1
0.42883351, 1, 0, 1
0.42883364, 1, 1, 1
0.42883403, 1, 0, 1
0.42883422, 1, 1, 1
0.42883501, 1, 0, 1
0.42883560, 1, 1, 1
0.42883789, 1, 0, 1
0.42883943, 1, 1, 1
0.42884040, 1, 0, 1
0.42884059, 1, 1, 1
0.42884193, 1, 0, 1
0.42884211, 1, 1, 1
0.42884306, 1, 0, 1
0.42886980, 0, 0, 1
0.42887465, 1, 0, 1
0.42888169, 1, 1, 1
0.42888197, 1, 0, 1
0.42888227, 1, 1, 1
0.42888262, 1, 0, 1
0.42888292, 1, 1, 1
0.42888328, 1, 0, 1
0.42888342, 1, 1, 1
0.42888416, 1, 0, 1
0.42888420, 1, 1, 1
0.42888458, 1, 0, 1
0.42888523, 1, 1, 1
0.42888614, 1, 0, 1
0.42888639, 1, 1, 1
0.42888672, 1, 0, 1
0.42888726, 1, 1, 1
0.42888760, 1, 0, 1
0.42888769, 1, 1, 1
0.42888940, 1, 0, 1
0.42888979, 1, 1, 1
0.42889116, 1, 0, 1
0.42889153, 1, 1, 1
0.42889227, 1, 0, 1
0.42889232, 1, 1, 1
0.42889272, 1, 0, 1
0.42889348, 1, 1, 1
0.42889375, 1, 0, 1
0.42889420, 1, 1, 1
0.42889455, 1, 0, 1
0.42889464, 1, 1, 1
0.42889500, 1, 0, 1
0.42889572, 1, 1, 1
0.42889602, 1, 0, 1
0.42889616, 1, 1, 1
0.42889649, 1, 0, 1
0.42889674, 1, 1, 1
0.42889703, 1, 0, 1
0.42889709, 1, 1, 1
0.42889753, 1, 0, 1
0.42889811, 1, 1, 1
0.42890034, 1, 0, 1
0.42890195, 1, 1, 1
0.42890225, 1, 0, 1
0.42890231, 1, 1, 1
0.42890293, 1, 0, 1
0.42890310, 1, 1, 1
0.42890444, 1, 0, 1
0.42890462, 1, 1, 1
0.42890557, 1, 0, 1
0.42893225, 0, 0, 1
0.42893716, 1, 0, 1
0.42894427, 1, 1, 1
0.42894518, 1, 0, 1
0.42894536, 1, 1, 1
0.42894569, 1, 0, 1
0.42894594, 1, 1, 1
0.42894698, 1, 0, 1
0.42894775, 1, 1, 1
0.42894935, 1, 0, 1
0.42894941, 1, 1, 1
0.42895017, 1, 0, 1
0.42895020, 1, 1, 1
0.42895188, 1, 0, 1
0.42895230, 1, 1, 1
0.42895367, 1, 0, 1
0.42895404, 1, 1, 1
0.42895478, 1, 0, 1
0.42895484, 1, 1, 1
0.42895522, 1, 0, 1
0.42895599, 1, 1, 1
0.42895624, 1, 0, 1
0.42895635, 1, 1, 1
0.42895749, 1, 0, 1
0.42895824, 1, 1, 1
0.42895858, 1, 0, 1
0.42895867, 1, 1, 1
0.42895902, 1, 0, 1
0.42895925, 1, 1, 1
0.42895999, 1, 0, 1
0.42896062, 1, 1, 1
0.42896285, 1, 0, 1
0.42896446, 1, 1, 1
0.42896478, 1, 0, 1
0.42896482, 1, 1, 1
0.42896694, 1, 0, 1
0.42896706, 1, 1, 1
0.42896807, 1, 0, 1
0.42899479, 0, 0, 1
0.42899968, 1, 0, 1
0.42900686, 1, 1, 1
0.42900771, 1, 0, 1
0.42900845, 1, 1, 1
0.42900876, 1, 0, 1
0.42900881, 1, 1, 1
0.42900948, 1, 0, 1
0.42901033, 1, 1, 1
0.42901072, 1, 0, 1
0.42901084, 1, 1, 1
0.42901185, 1, 0, 1
0.42901200, 1, 1, 1
0.42901259, 1, 0, 1
0.42901264, 1, 1, 1
0.42901446, 1, 0, 1
0.42901489, 1, 1, 1
0.42901606, 1, 0, 1
0.42901610, 1, 1, 1
0.42901649, 1, 0, 1
0.42901663, 1, 1, 1
0.42901722, 1, 0, 1
0.42901735, 1, 1, 1
0.42901771, 1, 0, 1
0.42901786, 1, 1, 1
0.42901822, 1, 0, 1
0.42901851, 1, 1, 1
0.42901886, 1, 0, 1
0.42901894, 1, 1, 1
0.42901947, 1, 0, 1
0.42901952, 1, 1, 1
0.42901991, 1, 0, 1
0.42902075, 1, 1, 1
0.42902106, 1, 0, 1
0.42902118, 1, 1, 1
0.42902160, 1, 0, 1
0.42902176, 1, 1, 1
0.42902247, 1, 0, 1
0.42902314, 1, 1, 1
0.42902344, 1, 0, 1
0.42902357, 1, 1, 1
0.42902537, 1, 0, 1
0.42902705, 1, 1, 1
0.42902764, 1, 0, 1
0.42902770, 1, 1, 1
0.42903060, 1, 0, 1
0.42905735, 0, 0, 1
0.42906219, 1, 0, 1
0.42911982, 0, 0, 1
0.42912470, 1, 0, 1
0.42918238, 0, 0, 1
0.42918721, 1, 0, 1
0.42924481, 0, 0, 1
0.42924972, 1, 0, 1
0.42925793, 1, 1, 1
0.42925827, 1, 0, 1
0.42926024, 1, 1, 1
0.42926081, 1, 0, 1
0.42926089, 1, 1, 1
0.42926267, 1, 0, 1
0.42926313, 1, 1, 1
0.42926386, 1, 0, 1
0.42926509, 1, 1, 1
0.42926536, 1, 0, 1
0.42926559, 1, 1, 1
0.42926593, 1, 0, 1
0.42926798, 1, 1, 1
0.42926827, 1, 0, 1
0.42926833, 1, 1, 1
0.42926904, 1, 0, 1
0.42927023, 1, 1, 1
0.42927053, 1, 0, 1
0.42927334, 1, 1, 1
0.42927357, 1, 0, 1
0.42927428, 1, 1, 1
0.42927468, 1, 0, 1
0.42927551, 1, 1, 1
0.42927582, 1, 0, 1
0.42927724, 1, 1, 1
0.42927770, 1, 0, 1
0.42927840, 1, 1, 1
0.42927871, 1, 0, 1
0.42928130, 1, 1, 1
0.42928156, 1, 0, 1
0.42928296, 1, 1, 1
0.42928326, 1, 0, 1
0.42928347, 1, 1, 1
0.42928383, 1, 0, 1
0.42930740, 0, 0, 1
0.42931224, 1, 0, 1
0.42932044, 1, 1, 1
0.42932069, 1, 0, 1
0.42932275, 1, 1, 1
0.42932343, 1, 0, 1
0.42932348, 1, 1, 1
0.42932522, 1, 0, 1
0.42932565, 1, 1, 1
0.42932642, 1, 0, 1
0.42932811, 1, 1, 1
0.42932842, 1, 0, 1
0.42933042, 1, 1, 1
0.42933069, 1, 0, 1
0.42933100, 1, 1, 1
0.42933141, 1, 0, 1
0.42933274, 1, 1, 1
0.42933304, 1, 0, 1
0.42933585, 1, 1, 1
0.42933612, 1, 0, 1
0.42933672, 1, 1, 1
0.42933736, 1, 0, 1
0.42933795, 1, 1, 1
0.42933829, 1, 0, 1
0.42933968, 1, 1, 1
0.42933999, 1, 0, 1
0.42934547, 1, 1, 1
0.42934571, 1, 0, 1
0.42934605, 1, 1, 1
0.42934639, 1, 0, 1
0.42936987, 0, 0, 1
0.42937476, 1, 0, 1
0.42938295, 1, 1, 1
0.42938319, 1, 0, 1
0.42938527, 1, 1, 1
0.42938557, 1, 0, 1
0.42938563, 1, 1, 1
0.42938638, 1, 0, 1
0.42938642, 1, 1, 1
0.42938742, 1, 0, 1
0.42938816, 1, 1, 1
0.42938892, 1, 0, 1
0.42939062, 1, 1, 1
0.42939089, 1, 0, 1
0.42939286, 1, 1, 1
0.42939316, 1, 0, 1
0.42939351, 1, 1, 1
0.42939390, 1, 0, 1
0.42939525, 1, 1, 1
0.42939560, 1, 0, 1
0.42939836, 1, 1, 1
0.42939857, 1, 0, 1
0.42939916, 1, 1, 1
0.42939947, 1, 0, 1
0.42939952, 1, 1, 1
0.42939987, 1, 0, 1
0.42940046, 1, 1, 1
0.42940079, 1, 0, 1
0.42940220, 1, 1, 1
0.42940245, 1, 0, 1
0.42940799, 1, 1, 1
0.42940826, 1, 0, 1
0.42940864, 1, 1, 1
0.42940887, 1, 0, 1
0.42943235, 0, 0, 1
0.42943727, 1, 0, 1
0.42944496, 1, 1, 1
0.42944731, 1, 0, 1
0.42944778, 1, 1, 1
0.42944802, 1, 0, 1
0.42944807, 1, 1, 1
0.42944833, 1, 0, 1
0.42944850, 1, 1, 1
0.42944885, 1, 0, 1
0.42944894, 1, 1, 1
0.42944992, 1, 0, 1
0.42945067, 1, 1, 1
0.42945303, 1, 0, 1
0.42945306, 1, 1, 1
0.42945485, 1, 0, 1
0.42945538, 1, 1, 1
0.42945572, 1, 0, 1
0.42945603, 1, 1, 1
0.42945636, 1, 0, 1
0.42945653, 1, 1, 1
0.42945887, 1, 0, 1
0.42945936, 1, 1, 1
0.42946130, 1, 0, 1
0.42946167, 1, 1, 1
0.42946524, 1, 0, 1
0.42946587, 1, 1, 1
0.42946633, 1, 0, 1
0.42946637, 1, 1, 1
0.42947105, 1, 0, 1
0.42947115, 1, 1, 1
0.42947149, 1, 0, 1
0.42949487, 0, 0, 1
0.42949978, 1, 0, 1
0.42950624, 1, 1, 1
0.42950682, 1, 0, 1
0.42950740, 1, 1, 1
0.42950987, 1, 0, 1
0.42951029, 1, 1, 1
0.42951089, 1, 0, 1
0.42951102, 1, 1, 1
0.42951136, 1, 0, 1
0.42951145, 1, 1, 1
0.42951509, 1, 0, 1
0.42951514, 1, 1, 1
0.42951547, 1, 0, 1
0.42951565, 1, 1, 1
0.42951601, 1, 0, 1
0.42951608, 1, 1, 1
0.42951746, 1, 0, 1
0.42951789, 1, 1, 1
0.42951818, 1, 0, 1
0.42951854, 1, 1, 1
0.42951892, 1, 0, 1
0.42951934, 1, 1, 1
0.42951994, 1, 0, 1
0.42952028, 1, 1, 1
0.42952144, 1, 0, 1
0.42952187, 1, 1, 1
0.42952377, 1, 0, 1
0.42952418, 1, 1, 1
0.42952586, 1, 0, 1
0.42952599, 1, 1, 1
0.42952761, 1, 0, 1
0.42952845, 1, 1, 1
0.42953130, 1, 0, 1
0.42953135, 1, 1, 1
0.42953339, 1, 0, 1
0.42953366, 1, 1, 1
0.42953399, 1, 0, 1
0.42955741, 0, 0, 1
0.42956230, 1, 0, 1
0.42956991, 1, 1, 1
0.42957016, 1, 0, 1
0.42957027, 1, 1, 1
0.42957240, 1, 0, 1
0.42957281, 1, 1, 1
0.42957343, 1, 0, 1
0.42957353, 1, 1, 1
0.42957387, 1, 0, 1
0.42957396, 1, 1, 1
0.42957468, 1, 0, 1
0.42957490, 1, 1, 1
0.42957522, 1, 0, 1
0.42957570, 1, 1, 1
0.42957755, 1, 0, 1
0.42957765, 1, 1, 1
0.42957803, 1, 0, 1
0.42957816, 1, 1, 1
0.42957852, 1, 0, 1
0.42957859, 1, 1, 1
0.42957963, 1, 0, 1
0.42958040, 1, 1, 1
0.42958076, 1, 0, 1
0.42958105, 1, 1, 1
0.42958136, 1, 0, 1
0.42958156, 1, 1, 1
0.42958315, 1, 0, 1
0.42958322, 1, 1, 1
0.42958397, 1, 0, 1
0.42958438, 1, 1, 1
0.42958471, 1, 0, 1
0.42958474, 1, 1, 1
0.42958620, 1, 0, 1
0.42958670, 1, 1, 1
0.42958845, 1, 0, 1
0.42958851, 1, 1, 1
0.42958892, 1, 0, 1
0.42958901, 1, 1, 1
0.42959010, 1, 0, 1
0.42959097, 1, 1, 1
0.42959127, 1, 0, 1
0.42959133, 1, 1, 1
0.42959350, 1, 0, 1
0.42959386, 1, 1, 1
0.42959529, 1, 0, 1
0.42959552, 1, 1, 1
0.42959590, 1, 0, 1
0.42959618, 1, 1, 1
0.42959651, 1, 0, 1
0.42961989, 0, 0, 1
0.42962481, 1, 0, 1
0.42963243, 1, 1, 1
0.42963273, 1, 0, 1
0.42963279, 1, 1, 1
0.42963459, 1, 0, 1
0.42963532, 1, 1, 1
0.42963565, 1, 0, 1
0.42963568, 1, 1, 1
0.42963642, 1, 0, 1
0.42963648, 1, 1, 1
0.42963724, 1, 0, 1
0.42963742, 1, 1, 1
0.42963771, 1, 0, 1
0.42963821, 1, 1, 1
0.42964050, 1, 0, 1
0.42964067, 1, 1, 1
0.42964107, 1, 0, 1
0.42964111, 1, 1, 1
0.42964212, 1, 0, 1
0.42964292, 1, 1, 1
0.42964323, 1, 0, 1
0.42964357, 1, 1, 1
0.42964388, 1, 0, 1
0.42964400, 1, 1, 1
0.42964480, 1, 0, 1
0.42964494, 1, 1, 1
0.42964569, 1, 0, 1
0.42964574, 1, 1, 1
0.42964609, 1, 0, 1
0.42964690, 1, 1, 1
0.42964880, 1, 0, 1
0.42964921, 1, 1, 1
0.42965093, 1, 0, 1
0.42965102, 1, 1, 1
0.42965137, 1, 0, 1
0.42965153, 1, 1, 1
0.42965267, 1, 0, 1
0.42965348, 1, 1, 1
0.42965381, 1, 0, 1
0.42965384, 1, 1, 1
0.42965603, 1, 0, 1
0.42965637, 1, 1, 1
0.42965669, 1, 0, 1
0.42965672, 1, 1, 1
0.42965714, 1, 0, 1
0.42965739, 1, 1, 1
0.42965769, 1, 0, 1
0.42965804, 1, 1, 1
0.42965841, 1, 0, 1
0.42965869, 1, 1, 1
0.42965907, 1, 0, 1
0.42968244, 0, 0, 1
0.42968733, 1, 0, 1
0.42969494, 1, 1, 1
0.42969522, 1, 0, 1
0.42969530, 1, 1, 1
0.42969742, 1, 0, 1
0.42969783, 1, 1, 1
0.42969848, 1, 0, 1
0.42969856, 1, 1, 1
0.42969888, 1, 0, 1
0.42969899, 1, 1, 1
0.42970028, 1, 0, 1
0.42970073, 1, 1, 1
0.42970261, 1, 0, 1
0.42970268, 1, 1, 1
0.42970305, 1, 0, 1
0.42970319, 1, 1, 1
0.42970465, 1, 0, 1
0.42970550, 1, 1, 1
0.42970583, 1, 0, 1
0.42970608, 1, 1, 1
0.42970638, 1, 0, 1
0.42970651, 1, 1, 1
0.42970821, 1, 0, 1
0.42970825, 1, 1, 1
0.42970902, 1, 0, 1
0.42970941, 1, 1, 1
0.42971130, 1, 0, 1
0.42971172, 1, 1, 1
0.42971350, 1, 0, 1
0.42971353, 1, 1, 1
0.42971394, 1, 0, 1
0.42971404, 1, 1, 1
0.42971516, 1, 0, 1
0.42971599, 1, 1, 1
0.42971631, 1, 0, 1
0.42971643, 1, 1, 1
0.42971853, 1, 0, 1
0.42971889, 1, 1, 1
0.42972029, 1, 0, 1
0.42972055, 1, 1, 1
0.42972089, 1, 0, 1
0.42972113, 1, 1, 1
0.42972151, 1, 0, 1
0.42974492, 0, 0, 1
0.42974983, 1, 0, 1
0.42975753, 1, 1, 1
0.42975997, 1, 0, 1
0.42976035, 1, 1, 1
0.42976090, 1, 0, 1
0.42976100, 1, 1, 1
0.42976277, 1, 0, 1
0.42976324, 1, 1, 1
0.42976565, 1, 0, 1
0.42976577, 1, 1, 1
0.42976717, 1, 0, 1
0.42976809, 1, 1, 1
0.42976846, 1, 0, 1
0.42976859, 1, 1, 1
0.42976894, 1, 0, 1
0.42976910, 1, 1, 1
0.42977029, 1, 0, 1
0.42977040, 1, 1, 1
0.42977146, 1, 0, 1
0.42977200, 1, 1, 1
0.42977385, 1, 0, 1
0.42977424, 1, 1, 1
0.42977454, 1, 0, 1
0.42977460, 1, 1, 1
0.42977589, 1, 0, 1
0.42977604, 1, 1, 1
0.42977641, 1, 0, 1
0.42977663, 1, 1, 1
0.42977768, 1, 0, 1
0.42977844, 1, 1, 1
0.42977892, 1, 0, 1
0.42977923, 1, 1, 1
0.42978108, 1, 0, 1
0.42978133, 1, 1, 1
0.42978283, 1, 0, 1
0.42978314, 1, 1, 1
0.42978399, 1, 0, 1
0.42980750, 0, 0, 1
0.42981235, 1, 0, 1
0.42984146, 1, 1, 1
0.42984202, 1, 0, 1
0.42986998, 0, 0, 1
0.42987487, 1, 0, 1
0.42993249, 0, 0, 1
0.42993737, 1, 0, 1
0.42999500, 0, 0, 1
0.42999989, 1, 0, 1
0.43000751, 1, 1, 1
0.43000811, 1, 0, 1
0.43000830, 1, 1, 1
0.43000863, 1, 0, 1
0.43000924, 1, 1, 1
0.43000963, 1, 0, 1
0.43001054, 1, 1, 1
0.43001087, 1, 0, 1
0.43001112, 1, 1, 1
0.43001150, 1, 0, 1
0.43001387, 1, 1, 1
0.43001509, 1, 0, 1
0.43001525, 1, 1, 1
0.43001690, 1, 0, 1
0.43001735, 1, 1, 1
0.43001852, 1, 0, 1
0.43001908, 1, 1, 1
0.43001966, 1, 0, 1
0.43001973, 1, 1, 1
0.43002072, 1, 0, 1
0.43002140, 1, 1, 1
0.43002258, 1, 0, 1
0.43002277, 1, 1, 1
0.43002309, 1, 0, 1
0.43002321, 1, 1, 1
0.43002438, 1, 0, 1
0.43002487, 1, 1, 1
0.43002604, 1, 0, 1
0.43002661, 1, 1, 1
0.43002717, 1, 0, 1
0.43002725, 1, 1, 1
0.43002825, 1, 0, 1
0.43005751, 0, 0, 1
0.43006240, 1, 0, 1
0.43007002, 1, 1, 1
0.43007077, 1, 0, 1
0.43007176, 1, 1, 1
0.43007202, 1, 0, 1
0.43007306, 1, 1, 1
0.43007330, 1, 0, 1
0.43007364, 1, 1, 1
0.43007398, 1, 0, 1
0.43007639, 1, 1, 1
0.43007672, 1, 0, 1
0.43007704, 1, 1, 1
0.43007756, 1, 0, 1
0.43007769, 1, 1, 1
0.43007804, 1, 0, 1
0.43007812, 1, 1, 1
0.43007941, 1, 0, 1
0.43007986, 1, 1, 1
0.43008112, 1, 0, 1
0.43008160, 1, 1, 1
0.43008330, 1, 0, 1
0.43008391, 1, 1, 1
0.43008427, 1, 0, 1
0.43008456, 1, 1, 1
0.43008508, 1, 0, 1
0.43008521, 1, 1, 1
0.43008559, 1, 0, 1
0.43008564, 1, 1, 1
0.43008697, 1, 0, 1
0.43008738, 1, 1, 1
0.43008863, 1, 0, 1
0.43008912, 1, 1, 1
0.43009078, 1, 0, 1
0.43012000, 0, 0, 1
0.43012491, 1, 0, 1
0.43013253, 1, 1, 1
0.43013277, 1, 0, 1
0.43013289, 1, 1, 1
0.43013323, 1, 0, 1
0.43013427, 1, 1, 1
0.43013458, 1, 0, 1
0.43013557, 1, 1, 1
0.43013591, 1, 0, 1
0.43013615, 1, 1, 1
0.43013660, 1, 0, 1
0.43013890, 1, 1, 1
0.43013917, 1, 0, 1
0.43013955, 1, 1, 1
0.43014005, 1, 0, 1
0.43014013, 1, 1, 1
0.43014042, 1, 0, 1
0.43014064, 1, 1, 1
0.43014201, 1, 0, 1
0.43014237, 1, 1, 1
0.43014364, 1, 0, 1
0.43014411, 1, 1, 1
0.43014499, 1, 0, 1
0.43014548, 1, 1, 1
0.43014581, 1, 0, 1
0.43014621, 1, 1, 1
0.43014681, 1, 0, 1
0.43014708, 1, 1, 1
0.43014801, 1, 0, 1
0.43014816, 1, 1, 1
0.43014958, 1, 0, 1
0.43014990, 1, 1, 1
0.43015123, 1, 0, 1
0.43015163, 1, 1, 1
0.43015259, 1, 0, 1
0.43015301, 1, 1, 1
0.43015337, 1, 0, 1
0.43018254, 0, 0, 1
0.43018742, 1, 0, 1
0.43019505, 1, 1, 1
0.43019623, 1, 0, 1
0.43019627, 1, 1, 1
0.43019739, 1, 0, 1
0.43019742, 1, 1, 1
0.43020039, 1, 0, 1
0.43020141, 1, 1, 1
0.43020193, 1, 0, 1
0.43020264, 1, 1, 1
0.43020302, 1, 0, 1
0.43020322, 1, 1, 1
0.43020452, 1, 0, 1
0.43020489, 1, 1, 1
0.43020617, 1, 0, 1
0.43020662, 1, 1, 1
0.43020753, 1, 0, 1
0.43020800, 1, 1, 1
0.43020834, 1, 0, 1
0.43020865, 1, 1, 1
0.43020956, 1, 0, 1
0.43021017, 1, 1, 1
0.43021048, 1, 0, 1
0.43021075, 1, 1, 1
0.43021200, 1, 0, 1
0.43021241, 1, 1, 1
0.43021370, 1, 0, 1
0.43021415, 1, 1, 1
0.43021445, 1, 0, 1
0.43021451, 1, 1, 1
0.43021520, 1, 0, 1
0.43021552, 1, 1, 1
0.43021592, 1, 0, 1
0.43024506, 0, 0, 1
0.43024994, 1, 0, 1
0.43025640, 1, 1, 1
0.43025703, 1, 0, 1
0.43025756, 1, 1, 1
0.43025828, 1, 0, 1
0.43025835, 1, 1, 1
0.43025910, 1, 0, 1
0.43025929, 1, 1, 1
0.43026094, 1, 0, 1
0.43026118, 1, 1, 1
0.43026293, 1, 0, 1
0.43026422, 1, 1, 1
0.43026453, 1, 0, 1
0.43026516, 1, 1, 1
0.43026546, 1, 0, 1
0.43026566, 1, 1, 1
0.43026697, 1, 0, 1
0.43026740, 1, 1, 1
0.43026873, 1, 0, 1
0.43026913, 1, 1, 1
0.43027039, 1, 0, 1
0.43027051, 1, 1, 1
0.43027085, 1, 0, 1
0.43027109, 1, 1, 1
0.43027148, 1, 0, 1
0.43027174, 1, 1, 1
0.43027212, 1, 0, 1
0.43027268, 1, 1, 1
0.43027304, 1, 0, 1
0.43027319, 1, 1, 1
0.43027453, 1, 0, 1
0.43027492, 1, 1, 1
0.43027621, 1, 0, 1
0.43027666, 1, 1, 1
0.43027792, 1, 0, 1
0.43027803, 1, 1, 1
0.43027840, 1, 0, 1
0.43030759, 0, 0, 1
0.43031246, 1, 0, 1
0.43032007, 1, 1, 1
0.43032031, 1, 0, 1
0.43032043, 1, 1, 1
0.43032081, 1, 0, 1
0.43032087, 1, 1, 1
0.43032349, 1, 0, 1
0.43032369, 1, 1, 1
0.43032407, 1, 0, 1
0.43032412, 1, 1, 1
0.43032590, 1, 0, 1
0.43032680, 1, 1, 1
0.43032708, 1, 0, 1
0.43032767, 1, 1, 1
0.43032800, 1, 0, 1
0.43032817, 1, 1, 1
0.43033123, 1, 0, 1
0.43033128, 1, 1, 1
0.43033242, 1, 0, 1
0.43033259, 1, 1, 1
0.43033295, 1, 0, 1
0.43033302, 1, 1, 1
0.43033340, 1, 0, 1
0.43033353, 1, 1, 1
0.43033395, 1, 0, 1
0.43033433, 1, 1, 1
0.43033463, 1, 0, 1
0.43033519, 1, 1, 1
0.43033557, 1, 0, 1
0.43033570, 1, 1, 1
0.43033699, 1, 0, 1
0.43033707, 1, 1, 1
0.43033875, 1, 0, 1
0.43033881, 1, 1, 1
0.43033990, 1, 0, 1
0.43034011, 1, 1, 1
0.43034049, 1, 0, 1
0.43034054, 1, 1, 1
0.43034090, 1, 0, 1
0.43037012, 0, 0, 1
0.43037497, 1, 0, 1
0.43038259, 1, 1, 1
0.43038283, 1, 0, 1
0.43038295, 1, 1, 1
0.43038331, 1, 0, 1
0.43038338, 1, 1, 1
0.43038372, 1, 0, 1
0.43038410, 1, 1, 1
0.43038486, 1, 0, 1
0.43038489, 1, 1, 1
0.43038527, 1, 0, 1
0.43038562, 1, 1, 1
0.43038598, 1, 0, 1
0.43038620, 1, 1, 1
0.43038657, 1, 0, 1
0.43038664, 1, 1, 1
0.43038698, 1, 0, 1
0.43038722, 1, 1, 1
0.43038792, 1, 0, 1
0.43038931, 1, 1, 1
0.43038962, 1, 0, 1
0.43039018, 1, 1, 1
0.43039053, 1, 0, 1
0.43039069, 1, 1, 1
0.43039202, 1, 0, 1
0.43039206, 1, 1, 1
0.43039375, 1, 0, 1
0.43039380, 1, 1, 1
0.43039494, 1, 0, 1
0.43039510, 1, 1, 1
0.43039543, 1, 0, 1
0.43039554, 1, 1, 1
0.43039593, 1, 0, 1
0.43039597, 1, 1, 1
0.43039636, 1, 0, 1
0.43039684, 1, 1, 1
0.43039711, 1, 0, 1
0.43039771, 1, 1, 1
0.43039804, 1, 0, 1
0.43039821, 1, 1, 1
0.43040125, 1, 0, 1
0.43040132, 1, 1, 1
0.43040243, 1, 0, 1
0.43040263, 1, 1, 1
0.43040301, 1, 0, 1
0.43040306, 1, 1, 1
0.43040347, 1, 0, 1
0.43043260, 0, 0, 1
0.43043749, 1, 0, 1
0.43044510, 1, 1, 1
0.43044536, 1, 0, 1
0.43044539, 1, 1, 1
0.43044574, 1, 0, 1
0.43044589, 1, 1, 1
0.43044852, 1, 0, 1
0.43044872, 1, 1, 1
0.43044909, 1, 0, 1
0.43044915, 1, 1, 1
0.43045045, 1, 0, 1
0.43045176, 1, 1, 1
0.43045208, 1, 0, 1
0.43045277, 1, 1, 1
0.43045311, 1, 0, 1
0.43045320, 1, 1, 1
0.43045618, 1, 0, 1
0.43045624, 1, 1, 1
0.43045835, 1, 0, 1
0.43045841, 1, 1, 1
0.43045882, 1, 0, 1
0.43045928, 1, 1, 1
0.43045955, 1, 0, 1
0.43046029, 1, 1, 1
0.43046065, 1, 0, 1
0.43046073, 1, 1, 1
0.43046236, 1, 0, 1
0.43046246, 1, 1, 1
0.43046415, 1, 0, 1
0.43046420, 1, 1, 1
0.43046584, 1, 0, 1
0.43049511, 0, 0, 1
0.43050000, 1, 0, 1
0.43050761, 1, 1, 1
0.43050813, 1, 0, 1
0.43050834, 1, 1, 1
0.43051064, 1, 0, 1
0.43051072, 1, 1, 1
0.43051121, 1, 0, 1
0.43051130, 1, 1, 1
0.43051335, 1, 0, 1
0.43051398, 1, 1, 1
0.43051457, 1, 0, 1
0.43051535, 1, 1, 1
0.43051569, 1, 0, 1
0.43051579, 1, 1, 1
0.43051735, 1, 0, 1
0.43051745, 1, 1, 1
0.43051906, 1, 0, 1
0.43051919, 1, 1, 1
0.43052082, 1, 0, 1
0.43052150, 1, 1, 1
0.43052207, 1, 0, 1
0.43052288, 1, 1, 1
0.43052326, 1, 0, 1
0.43052331, 1, 1, 1
0.43052383, 1, 0, 1
0.43052389, 1, 1, 1
0.43052488, 1, 0, 1
0.43052497, 1, 1, 1
0.43052614, 1, 0, 1
0.43052621, 1, 1, 1
0.43052658, 1, 0, 1
0.43052671, 1, 1, 1
0.43052733, 1, 0, 1
0.43052736, 1, 1, 1
0.43052832, 1, 0, 1
0.43055769, 0, 0, 1
0.43056251, 1, 0, 1
0.43062013, 0, 0, 1
0.43062502, 1, 0, 1
0.43068267, 0, 0, 1
0.43068754, 1, 0, 1
0.43074516, 0, 0, 1
0.43075004, 1, 0, 1
0.43076751, 1, 1, 1
0.43076781, 1, 0, 1
0.43077047, 1, 1, 1
0.43077101, 1, 0, 1
0.43077156, 1, 1, 1
0.43077188, 1, 0, 1
0.43077228, 1, 1, 1
0.43077264, 1, 0, 1
0.43077402, 1, 1, 1
0.43077432, 1, 0, 1
0.43077872, 1, 1, 1
0.43077910, 1, 0, 1
0.43077915, 1, 1, 1
0.43078034, 1, 0, 1
0.43078053, 1, 1, 1
0.43078090, 1, 0, 1
0.43080769, 0, 0, 1
0.43081256, 1, 0, 1
0.43083002, 1, 1, 1
0.43083025, 1, 0, 1
0.43083291, 1, 1, 1
0.43083319, 1, 0, 1
0.43083327, 1, 1, 1
0.43083366, 1, 0, 1
0.43083407, 1, 1, 1
0.43083441, 1, 0, 1
0.43083479, 1, 1, 1
0.43083524, 1, 0, 1
0.43083653, 1, 1, 1
0.43083677, 1, 0, 1
0.43084116, 1, 1, 1
0.43084150, 1, 0, 1
0.43084159, 1, 1, 1
0.43084190, 1, 0, 1
0.43084196, 1, 1, 1
0.43084346, 1, 0, 1
0.43087019, 0, 0, 1
0.43087507, 1, 0, 1
0.43089253, 1, 1, 1
0.43089277, 1, 0, 1
0.43089543, 1, 1, 1
0.43089567, 1, 0, 1
0.43089658, 1, 1, 1
0.43089700, 1, 0, 1
0.43089731, 1, 1, 1
0.43089765, 1, 0, 1
0.43089904, 1, 1, 1
0.43089931, 1, 0, 1
0.43090360, 1, 1, 1
0.43090487, 1, 0, 1
0.43090505, 1, 1, 1
0.43090605, 1, 0, 1
0.43093274, 0, 0, 1
0.43093758, 1, 0, 1
0.43095157, 1, 1, 1
0.43095210, 1, 0, 1
0.43095222, 1, 1, 1
0.43095348, 1, 0, 1
0.43095447, 1, 1, 1
0.43095688, 1, 0, 1
0.43095794, 1, 1, 1
0.43095825, 1, 0, 1
0.43095859, 1, 1, 1
0.43096194, 1, 0, 1
0.43096206, 1, 1, 1
0.43096498, 1, 0, 1
0.43096626, 1, 1, 1
0.43096652, 1, 0, 1
0.43096662, 1, 1, 1
0.43096845, 1, 0, 1
0.43099522, 0, 0, 1
0.43100010, 1, 0, 1
0.43101409, 1, 1, 1
0.43101475, 1, 0, 1
0.43101503, 1, 1, 1
0.43101591, 1, 0, 1
0.43101698, 1, 1, 1
0.43101915, 1, 0, 1
0.43102053, 1, 1, 1
0.43102220, 1, 0, 1
0.43102233, 1, 1, 1
0.43102268, 1, 0, 1
0.43102277, 1, 1, 1
0.43102444, 1, 0, 1
0.43102487, 1, 1, 1
0.43102756, 1, 0, 1
0.43102877, 1, 1, 1
0.43102901, 1, 0, 1
0.43102913, 1, 1, 1
0.43103099, 1, 0, 1
0.43105777, 0, 0, 1
0.43106261, 1, 0, 1
0.43107660, 1, 1, 1
0.43107835, 1, 0, 1
0.43107949, 1, 1, 1
0.43108038, 1, 0, 1
0.43108043, 1, 1, 1
0.43108190, 1, 0, 1
0.43108333, 1, 1, 1
0.43108471, 1, 0, 1
0.43108485, 1, 1, 1
0.43108516, 1, 0, 1
0.43108528, 1, 1, 1
0.43108635, 1, 0, 1
0.43108658, 1, 1, 1
0.43108694, 1, 0, 1
0.43108709, 1, 1, 1
0.43109049, 1, 0, 1
0.43109129, 1, 1, 1
0.43109276, 1, 0, 1
0.43109280, 1, 1, 1
0.43109354, 1, 0, 1
0.43112024, 0, 0, 1
0.43112513, 1, 0, 1
0.43113911, 1, 1, 1
0.43114091, 1, 0, 1
0.43114201, 1, 1, 1
0.43114387, 1, 0, 1
0.43114410, 1, 1, 1
0.43114451, 1, 0, 1
0.43114584, 1, 1, 1
0.43114644, 1, 0, 1
0.43114664, 1, 1, 1
0.43114720, 1, 0, 1
0.43114736, 1, 1, 1
0.43114774, 1, 0, 1
0.43114779, 1, 1, 1
0.43114886, 1, 0, 1
0.43114910, 1, 1, 1
0.43114944, 1, 0, 1
0.43114953, 1, 1, 1
0.43115051, 1, 0, 1
0.43115069, 1, 1, 1
0.43115219, 1, 0, 1
0.43115380, 1, 1, 1
0.43115409, 1, 0, 1
0.43115416, 1, 1, 1
0.43115448, 1, 0, 1
0.43115452, 1, 1, 1
0.43115523, 1, 0, 1
0.43115561, 1, 1, 1
0.43115594, 1, 0, 1
0.43118273, 0, 0, 1
0.43118764, 1, 0, 1
0.43120163, 1, 1, 1
0.43120351, 1, 0, 1
0.43120452, 1, 1, 1
0.43120585, 1, 0, 1
0.43120589, 1, 1, 1
0.43120700, 1, 0, 1
0.43120799, 1, 1, 1
0.43120975, 1, 0, 1
0.43120987, 1, 1, 1
0.43121022, 1, 0, 1
0.43121031, 1, 1, 1
0.43121130, 1, 0, 1
0.43121161, 1, 1, 1
0.43121512, 1, 0, 1
0.43121631, 1, 1, 1
0.43121664, 1, 0, 1
0.43121667, 1, 1, 1
0.43121765, 1, 0, 1
0.43121812, 1, 1, 1
0.43121850, 1, 0, 1
0.43124524, 0, 0, 1
0.43125016, 1, 0, 1
0.43126414, 1, 1, 1
0.43126638, 1, 0, 1
0.43126703, 1, 1, 1
0.43126740, 1, 0, 1
0.43126761, 1, 1, 1
0.43126794, 1, 0, 1
0.43126797, 1, 1, 1
0.43126872, 1, 0, 1
0.43126884, 1, 1, 1
0.43126939, 1, 0, 1
0.43126949, 1, 1, 1
0.43126987, 1, 0, 1
0.43127058, 1, 1, 1
0.43127233, 1, 0, 1
0.43127246, 1, 1, 1
0.43127390, 1, 0, 1
0.43127420, 1, 1, 1
0.43127648, 1, 0, 1
0.43127666, 1, 1, 1
0.43127800, 1, 0, 1
0.43127883, 1, 1, 1
0.43127920, 1, 0, 1
0.43127926, 1, 1, 1
0.43128055, 1, 0, 1
0.43128063, 1, 1, 1
0.43128096, 1, 0, 1
0.43130778, 0, 0, 1
0.43131267, 1, 0, 1
0.43132955, 1, 1, 1
0.43132986, 1, 0, 1
0.43133070, 1, 1, 1
0.43133112, 1, 0, 1
0.43133888, 1, 1, 1
0.43133940, 1, 0, 1
0.43137030, 0, 0, 1
0.43137518, 1, 0, 1
0.43143285, 0, 0, 1
0.43143770, 1, 0, 1
0.43149537, 0, 0, 1
0.43150021, 1, 0, 1
0.43150783, 1, 1, 1
0.43150968, 1, 0, 1
0.43151014, 1, 1, 1
0.43151149, 1, 0, 1
0.43151159, 1, 1, 1
0.43151253, 1, 0, 1
0.43151267, 1, 1, 1
0.43151305, 1, 0, 1
0.43151499, 1, 1, 1
0.43151527, 1, 0, 1
0.43151600, 1, 1, 1
0.43151741, 1, 0, 1
0.43151745, 1, 1, 1
0.43151779, 1, 0, 1
0.43151824, 1, 1, 1
0.43151891, 1, 0, 1
0.43151896, 1, 1, 1
0.43151934, 1, 0, 1
0.43152013, 1, 1, 1
0.43152047, 1, 0, 1
0.43152078, 1, 1, 1
0.43152104, 1, 0, 1
0.43155783, 0, 0, 1
0.43156272, 1, 0, 1
0.43157034, 1, 1, 1
0.43157061, 1, 0, 1
0.43157070, 1, 1, 1
0.43157146, 1, 0, 1
0.43157157, 1, 1, 1
0.43157224, 1, 0, 1
0.43157302, 1, 1, 1
0.43157397, 1, 0, 1
0.43157402, 1, 1, 1
0.43157563, 1, 0, 1
0.43157743, 1, 1, 1
0.43157771, 1, 0, 1
0.43157844, 1, 1, 1
0.43158034, 1, 0, 1
0.43158076, 1, 1, 1
0.43158187, 1, 0, 1
0.43158264, 1, 1, 1
0.43158296, 1, 0, 1
0.43162032, 0, 0, 1
0.43162524, 1, 0, 1
0.43163285, 1, 1, 1
0.43163316, 1, 0, 1
0.43163321, 1, 1, 1
0.43163396, 1, 0, 1
0.43163401, 1, 1, 1
0.43163439, 1, 0, 1
0.43163546, 1, 1, 1
0.43163576, 1, 0, 1
0.43163611, 1, 1, 1
0.43163704, 1, 0, 1
0.43163726, 1, 1, 1
0.43163751, 1, 0, 1
0.43163755, 1, 1, 1
0.43163808, 1, 0, 1
0.43163994, 1, 1, 1
0.43164023, 1, 0, 1
0.43164096, 1, 1, 1
0.43164125, 1, 0, 1
0.43164153, 1, 1, 1
0.43164297, 1, 0, 1
0.43164327, 1, 1, 1
0.43164437, 1, 0, 1
0.43164515, 1, 1, 1
0.43164548, 1, 0, 1
0.43168286, 0, 0, 1
0.43168775, 1, 0, 1
0.43169537, 1, 1, 1
0.43169564, 1, 0, 1
0.43169573, 1, 1, 1
0.43169604, 1, 0, 1
0.43169609, 1, 1, 1
0.43169645, 1, 0, 1
0.43169652, 1, 1, 1
0.43169686, 1, 0, 1
0.43169790, 1, 1, 1
0.43169830, 1, 0, 1
0.43169855, 1, 1, 1
0.43169886, 1, 0, 1
0.43169891, 1, 1, 1
0.43169951, 1, 0, 1
0.43169971, 1, 1, 1
0.43170008, 1, 0, 1
0.43170021, 1, 1, 1
0.43170059, 1, 0, 1
0.43170123, 1, 1, 1
0.43170299, 1, 0, 1
0.43170347, 1, 1, 1
0.43170378, 1, 0, 1
0.43170405, 1, 1, 1
0.43170537, 1, 0, 1
0.43170578, 1, 1, 1
0.43170610, 1, 0, 1
0.43170614, 1, 1, 1
0.43170689, 1, 0, 1
0.43170701, 1, 1, 1
0.43170995, 1, 0, 1
0.43174537, 0, 0, 1
0.43175026, 1, 0, 1
0.43175672, 1, 1, 1
0.43175733, 1, 0, 1
0.43175788, 1, 1, 1
0.43175855, 1, 0, 1
0.43175860, 1, 1, 1
0.43175898, 1, 0, 1
0.43175903, 1, 1, 1
0.43175941, 1, 0, 1
0.43176034, 1, 1, 1
0.43176064, 1, 0, 1
0.43176099, 1, 1, 1
0.43176132, 1, 0, 1
0.43176135, 1, 1, 1
0.43176199, 1, 0, 1
0.43176215, 1, 1, 1
0.43176251, 1, 0, 1
0.43176273, 1, 1, 1
0.43176307, 1, 0, 1
0.43176403, 1, 1, 1
0.43176535, 1, 0, 1
0.43176598, 1, 1, 1
0.43176633, 1, 0, 1
0.43176656, 1, 1, 1
0.43176894, 1, 0, 1
0.43176902, 1, 1, 1
0.43176943, 1, 0, 1
0.43176982, 1, 1, 1
0.43177052, 1, 0, 1
0.43177083, 1, 1, 1
0.43177251, 1, 0, 1
0.43180788, 0, 0, 1
0.43181278, 1, 0, 1
0.43182039, 1, 1, 1
0.43182094, 1, 0, 1
0.43182111, 1, 1, 1
0.43182147, 1, 0, 1
0.43182155, 1, 1, 1
0.43182192, 1, 0, 1
0.43182285, 1, 1, 1
0.43182318, 1, 0, 1
0.43182343, 1, 1, 1
0.43182375, 1, 0, 1
0.43182386, 1, 1, 1
0.43182497, 1, 0, 1
0.43182524, 1, 1, 1
0.43182561, 1, 0, 1
0.43182625, 1, 1, 1
0.43182786, 1, 0, 1
0.43182850, 1, 1, 1
0.43183042, 1, 0, 1
0.43183081, 1, 1, 1
0.43183114, 1, 0, 1
0.43183153, 1, 1, 1
0.43183192, 1, 0, 1
0.43183204, 1, 1, 1
0.43183314, 1, 0, 1
0.43183334, 1, 1, 1
0.43183496, 1, 0, 1
0.43187044, 0, 0, 1
0.43187529, 1, 0, 1
0.43188291, 1, 1, 1
0.43188352, 1, 0, 1
0.43188363, 1, 1, 1
0.43188400, 1, 0, 1
0.43188406, 1, 1, 1
0.43188444, 1, 0, 1
0.43188537, 1, 1, 1
0.43188573, 1, 0, 1
0.43188587, 1, 1, 1
0.43188625, 1, 0, 1
0.43188667, 1, 1, 1
0.43188739, 1, 0, 1
0.43188775, 1, 1, 1
0.43188813, 1, 0, 1
0.43188869, 1, 1, 1
0.43189038, 1, 0, 1
0.43189101, 1, 1, 1
0.43189296, 1, 0, 1
0.43189332, 1, 1, 1
0.43189370, 1, 0, 1
0.43189405, 1, 1, 1
0.43189442, 1, 0, 1
0.43189448, 1, 1, 1
0.43189561, 1, 0, 1
0.43189586, 1, 1, 1
0.43189720, 1, 0, 1
0.43193291, 0, 0, 1
0.43193780, 1, 0, 1
0.43194542, 1, 1, 1
0.43194610, 1, 0, 1
0.43194614, 1, 1, 1
0.43194648, 1, 0, 1
0.43194665, 1, 1, 1
0.43194732, 1, 0, 1
0.43194788, 1, 1, 1
0.43194818, 1, 0, 1
0.43194831, 1, 1, 1
0.43194870, 1, 0, 1
0.43194918, 1, 1, 1
0.43194985, 1, 0, 1
0.43195027, 1, 1, 1
0.43195061, 1, 0, 1
0.43195121, 1, 1, 1
0.43195290, 1, 0, 1
0.43195352, 1, 1, 1
0.43195542, 1, 0, 1
0.43195584, 1, 1, 1
0.43195617, 1, 0, 1
0.43195656, 1, 1, 1
0.43195812, 1, 0, 1
0.43195837, 1, 1, 1
0.43196007, 1, 0, 1
0.43199547, 0, 0, 1
0.43200031, 1, 0, 1
0.43200793, 1, 1, 1
0.43200821, 1, 0, 1
0.43200829, 1, 1, 1
0.43200900, 1, 0, 1
0.43200923, 1, 1, 1
0.43200974, 1, 0, 1
0.43201039, 1, 1, 1
0.43201072, 1, 0, 1
0.43201082, 1, 1, 1
0.43201157, 1, 0, 1
0.43201169, 1, 1, 1
0.43201272, 1, 0, 1
0.43201278, 1, 1, 1
0.43201311, 1, 0, 1
0.43201379, 1, 1, 1
0.43201547, 1, 0, 1
0.43201611, 1, 1, 1
0.43201795, 1, 0, 1
0.43201835, 1, 1, 1
0.43201869, 1, 0, 1
0.43201915, 1, 1, 1
0.43202252, 1, 0, 1
0.43205794, 0, 0, 1
0.43206283, 1, 0, 1
0.43212043, 0, 0, 1
0.43212534, 1, 0, 1
0.43218294, 0, 0, 1
0.43218785, 1, 0, 1
0.43224548, 0, 0, 1
0.43225036, 1, 0, 1
0.43225806, 1, 1, 1
0.43225853, 1, 0, 1
0.43225863, 1, 1, 1
0.43226047, 1, 0, 1
0.43226088, 1, 1, 1
0.43226162, 1, 0, 1
0.43226240, 1, 1, 1
0.43226271, 1, 0, 1
0.43226334, 1, 1, 1
0.43226365, 1, 0, 1
0.43226573, 1, 1, 1
0.43226610, 1, 0, 1
0.43226681, 1, 1, 1
0.43226724, 1, 0, 1
0.43226761, 1, 1, 1
0.43226805, 1, 0, 1
0.43227137, 1, 1, 1
0.43227383, 1, 0, 1
0.43230797, 0, 0, 1
0.43231288, 1, 0, 1
0.43232050, 1, 1, 1
0.43232073, 1, 0, 1
0.43232078, 1, 1, 1
0.43232113, 1, 0, 1
0.43232122, 1, 1, 1
0.43232160, 1, 0, 1
0.43232165, 1, 1, 1
0.43232266, 1, 0, 1
0.43232339, 1, 1, 1
0.43232413, 1, 0, 1
0.43232491, 1, 1, 1
0.43232523, 1, 0, 1
0.43232585, 1, 1, 1
0.43232618, 1, 0, 1
0.43232817, 1, 1, 1
0.43232841, 1, 0, 1
0.43232925, 1, 1, 1
0.43232985, 1, 0, 1
0.43233012, 1, 1, 1
0.43233042, 1, 0, 1
0.43233381, 1, 1, 1
0.43233408, 1, 0, 1
0.43233417, 1, 1, 1
0.43233629, 1, 0, 1
0.43237051, 0, 0, 1
0.43237539, 1, 0, 1
0.43238301, 1, 1, 1
0.43238325, 1, 0, 1
0.43238373, 1, 1, 1
0.43238410, 1, 0, 1
0.43238417, 1, 1, 1
0.43238502, 1, 0, 1
0.43238591, 1, 1, 1
0.43238676, 1, 0, 1
0.43238742, 1, 1, 1
0.43238776, 1, 0, 1
0.43238837, 1, 1, 1
0.43238871, 1, 0, 1
0.43239068, 1, 1, 1
0.43239098, 1, 0, 1
0.43239169, 1, 1, 1
0.43239196, 1, 0, 1
0.43239205, 1, 1, 1
0.43239246, 1, 0, 1
0.43239263, 1, 1, 1
0.43239298, 1, 0, 1
0.43239633, 1, 1, 1
0.43239878, 1, 0, 1
0.43243299, 0, 0, 1
0.43243790, 1, 0, 1
0.43244553, 1, 1, 1
0.43244580, 1, 0, 1
0.43244625, 1, 1, 1
0.43244663, 1, 0, 1
0.43244668, 1, 1, 1
0.43244765, 1, 0, 1
0.43244842, 1, 1, 1
0.43245127, 1, 0, 1
0.43245196, 1, 1, 1
0.43245372, 1, 0, 1
0.43245421, 1, 1, 1
0.43245453, 1, 0, 1
0.43245457, 1, 1, 1
0.43245837, 1, 0, 1
0.43245884, 1, 1, 1
0.43246134, 1, 0, 1
0.43249556, 0, 0, 1
0.43250042, 1, 0, 1
0.43250688, 1, 1, 1
0.43250743, 1, 0, 1
0.43250746, 1, 1, 1
0.43250755, 1, 0, 1
0.43250804, 1, 1, 1
0.43250838, 1, 0, 1
0.43250876, 1, 1, 1
0.43250906, 1, 0, 1
0.43250919, 1, 1, 1
0.43251380, 1, 0, 1
0.43251477, 1, 1, 1
0.43251605, 1, 0, 1
0.43251672, 1, 1, 1
0.43251944, 1, 0, 1
0.43251961, 1, 1, 1
0.43251998, 1, 0, 1
0.43252019, 1, 1, 1
0.43252093, 1, 0, 1
0.43252135, 1, 1, 1
0.43252384, 1, 0, 1
0.43255805, 0, 0, 1
0.43256293, 1, 0, 1
0.43257055, 1, 1, 1
0.43257267, 1, 0, 1
0.43257345, 1, 1, 1
0.43257375, 1, 0, 1
0.43257380, 1, 1, 1
0.43257625, 1, 0, 1
0.43257699, 1, 1, 1
0.43257863, 1, 0, 1
0.43257923, 1, 1, 1
0.43258088, 1, 0, 1
0.43258097, 1, 1, 1
0.43258346, 1, 0, 1
0.43258386, 1, 1, 1
0.43258634, 1, 0, 1
0.43262056, 0, 0, 1
0.43262545, 1, 0, 1
0.43263307, 1, 1, 1
0.43263374, 1, 0, 1
0.43263378, 1, 1, 1
0.43263417, 1, 0, 1
0.43263422, 1, 1, 1
0.43263523, 1, 0, 1
0.43263596, 1, 1, 1
0.43263883, 1, 0, 1
0.43263943, 1, 1, 1
0.43264110, 1, 0, 1
0.43264175, 1, 1, 1
0.43264208, 1, 0, 1
0.43264211, 1, 1, 1
0.43264334, 1, 0, 1
0.43264348, 1, 1, 1
0.43264384, 1, 0, 1
0.43264442, 1, 1, 1
0.43264480, 1, 0, 1
0.43264500, 1, 1, 1
0.43264561, 1, 0, 1
0.43264638, 1, 1, 1
0.43264885, 1, 0, 1
0.43268307, 0, 0, 1
0.43268796, 1, 0, 1
0.43269558, 1, 1, 1
0.43269582, 1, 0, 1
0.43269586, 1, 1, 1
0.43269624, 1, 0, 1
0.43269630, 1, 1, 1
0.43269664, 1, 0, 1
0.43269673, 1, 1, 1
0.43269772, 1, 0, 1
0.43269847, 1, 1, 1
0.43270153, 1, 0, 1
0.43270194, 1, 1, 1
0.43270359, 1, 0, 1
0.43270426, 1, 1, 1
0.43270587, 1, 0, 1
0.43270599, 1, 1, 1
0.43270848, 1, 0, 1
0.43270889, 1, 1, 1
0.43270922, 1, 0, 1
0.43270925, 1, 1, 1
0.43271133, 1, 0, 1
0.43274561, 0, 0, 1
0.43275047, 1, 0, 1
0.43275816, 1, 1, 1
0.43276059, 1, 0, 1
0.43276099, 1, 1, 1
0.43276130, 1, 0, 1
0.43276133, 1, 1, 1
0.43276338, 1, 0, 1
0.43276352, 1, 1, 1
0.43276402, 1, 0, 1
0.43276453, 1, 1, 1
0.43276606, 1, 0, 1
0.43276677, 1, 1, 1
0.43276710, 1, 0, 1
0.43276713, 1, 1, 1
0.43276839, 1, 0, 1
0.43276858, 1, 1, 1
0.43277097, 1, 0, 1
0.43277148, 1, 1, 1
0.43277259, 1, 0, 1
0.43277263, 1, 1, 1
0.43277389, 1, 0, 1
0.43280810, 0, 0, 1
0.43281299, 1, 0, 1
0.43287061, 0, 0, 1
0.43287550, 1, 0, 1
0.43293313, 0, 0, 1
0.43293802, 1, 0, 1
0.43299561, 0, 0, 1
0.43300052, 1, 0, 1
0.43301046, 1, 1, 1
0.43301112, 1, 0, 1
0.43301125, 1, 1, 1
0.43301159, 1, 0, 1
0.43301169, 1, 1, 1
0.43301340, 1, 0, 1
0.43301408, 1, 1, 1
0.43301576, 1, 0, 1
0.43305818, 0, 0, 1
0.43306303, 1, 0, 1
0.43307297, 1, 1, 1
0.43307321, 1, 0, 1
0.43307370, 1, 1, 1
0.43307592, 1, 0, 1
0.43307652, 1, 1, 1
0.43307829, 1, 0, 1
0.43312067, 0, 0, 1
0.43312555, 1, 0, 1
0.43313549, 1, 1, 1
0.43313570, 1, 0, 1
0.43313614, 1, 1, 1
0.43313669, 1, 0, 1
0.43313701, 1, 1, 1
0.43313855, 1, 0, 1
0.43313896, 1, 1, 1
0.43313933, 1, 0, 1
0.43313954, 1, 1, 1
0.43314086, 1, 0, 1
0.43318324, 0, 0, 1
0.43318807, 1, 0, 1
0.43319800, 1, 1, 1
0.43319853, 1, 0, 1
0.43319879, 1, 1, 1
0.43319915, 1, 0, 1
0.43319945, 1, 1, 1
0.43320100, 1, 0, 1
0.43320147, 1, 1, 1
0.43320185, 1, 0, 1
0.43320205, 1, 1, 1
0.43320338, 1, 0, 1
0.43324569, 0, 0, 1
0.43325058, 1, 0, 1
0.43326080, 1, 1, 1
0.43326109, 1, 0, 1
0.43326131, 1, 1, 1
0.43326171, 1, 0, 1
0.43326189, 1, 1, 1
0.43326347, 1, 0, 1
0.43326399, 1, 1, 1
0.43326431, 1, 0, 1
0.43326456, 1, 1, 1
0.43326581, 1, 0, 1
0.43330820, 0, 0, 1
0.43331309, 1, 0, 1
0.43332339, 1, 1, 1
0.43332366, 1, 0, 1
0.43332382, 1, 1, 1
0.43332420, 1, 0, 1
0.43332433, 1, 1, 1
0.43332509, 1, 0, 1
0.43332512, 1, 1, 1
0.43332602, 1, 0, 1
0.43332650, 1, 1, 1
0.43332683, 1, 0, 1
0.43332708, 1, 1, 1
0.43332820, 1, 0, 1
0.43337072, 0, 0, 1
0.43337561, 1, 0, 1
0.43338590, 1, 1, 1
0.43338623, 1, 0, 1
0.43338633, 1, 1, 1
0.43338670, 1, 0, 1
0.43338677, 1, 1, 1
0.43338714, 1, 0, 1
0.43338728, 1, 1, 1
0.43338863, 1, 0, 1
0.43338901, 1, 1, 1
0.43338934, 1, 0, 1
0.43338959, 1, 1, 1
0.43339077, 1, 0, 1
0.43343323, 0, 0, 1
0.43343812, 1, 0, 1
0.43344834, 1, 1, 1
0.43344858, 1, 0, 1
0.43344885, 1, 1, 1
0.43344962, 1, 0, 1
0.43344979, 1, 1, 1
0.43345012, 1, 0, 1
0.43345015, 1, 1, 1
0.43345106, 1, 0, 1
0.43345160, 1, 1, 1
0.43345336, 1, 0, 1
0.43349579, 0, 0, 1
0.43350064, 1, 0, 1
0.43351057, 1, 1, 1
0.43351112, 1, 0, 1
0.43351136, 1, 1, 1
0.43351352, 1, 0, 1
0.43351418, 1, 1, 1
0.43351594, 1, 0, 1
0.43355826, 0, 0, 1
0.43356315, 1, 0, 1
0.43362088, 0, 0, 1
0.43362566, 1, 0, 1
0.43368326, 0, 0, 1
0.43368817, 1, 0, 1
0.43374580, 0, 0, 1
0.43375069, 1, 0, 1
0.43376069, 1, 1, 1
0.43376124, 1, 0, 1
0.43376127, 1, 1, 1
0.43376256, 1, 0, 1
0.43376308, 1, 1, 1
0.43376357, 1, 0, 1
0.43376424, 1, 1, 1
0.43376462, 1, 0, 1
0.43376605, 1, 1, 1
0.43376635, 1, 0, 1
0.43376655, 1, 1, 1
0.43376710, 1, 0, 1
0.43376756, 1, 1, 1
0.43376831, 1, 0, 1
0.43376851, 1, 1, 1
0.43376886, 1, 0, 1
0.43377003, 1, 1, 1
0.43377048, 1, 0, 1
0.43377053, 1, 1, 1
0.43377123, 1, 0, 1
0.43377169, 1, 1, 1
0.43377228, 1, 0, 1
0.43380829, 0, 0, 1
0.43381320, 1, 0, 1
0.43382313, 1, 1, 1
0.43382341, 1, 0, 1
0.43382349, 1, 1, 1
0.43382443, 1, 0, 1
0.43382458, 1, 1, 1
0.43382495, 1, 0, 1
0.43382552, 1, 1, 1
0.43382620, 1, 0, 1
0.43382675, 1, 1, 1
0.43382712, 1, 0, 1
0.43382849, 1, 1, 1
0.43382891, 1, 0, 1
0.43382899, 1, 1, 1
0.43382969, 1, 0, 1
0.43383008, 1, 1, 1
0.43383039, 1, 0, 1
0.43383042, 1, 1, 1
0.43383085, 1, 0, 1
0.43383102, 1, 1, 1
0.43383140, 1, 0, 1
0.43383247, 1, 1, 1
0.43383312, 1, 0, 1
0.43383326, 1, 1, 1
0.43383362, 1, 0, 1
0.43383413, 1, 1, 1
0.43383444, 1, 0, 1
0.43383449, 1, 1, 1
0.43383485, 1, 0, 1
0.43387083, 0, 0, 1
0.43387572, 1, 0, 1
0.43388565, 1, 1, 1
0.43388591, 1, 0, 1
0.43388601, 1, 1, 1
0.43388699, 1, 0, 1
0.43388702, 1, 1, 1
0.43388740, 1, 0, 1
0.43388796, 1, 1, 1
0.43388826, 1, 0, 1
0.43388926, 1, 1, 1
0.43388957, 1, 0, 1
0.43389093, 1, 1, 1
0.43389179, 1, 0, 1
0.43389259, 1, 1, 1
0.43389290, 1, 0, 1
0.43389295, 1, 1, 1
0.43389337, 1, 0, 1
0.43389353, 1, 1, 1
0.43389391, 1, 0, 1
0.43389491, 1, 1, 1
0.43389521, 1, 0, 1
0.43389570, 1, 1, 1
0.43389608, 1, 0, 1
0.43389664, 1, 1, 1
0.43389700, 1, 0, 1
0.43393334, 0, 0, 1
0.43393823, 1, 0, 1
0.43394816, 1, 1, 1
0.43394847, 1, 0, 1
0.43394852, 1, 1, 1
0.43394993, 1, 0, 1
0.43395047, 1, 1, 1
0.43395093, 1, 0, 1
0.43395105, 1, 1, 1
0.43395217, 1, 0, 1
0.43395236, 1, 1, 1
0.43395272, 1, 0, 1
0.43395359, 1, 1, 1
0.43395434, 1, 0, 1
0.43395511, 1, 1, 1
0.43395543, 1, 0, 1
0.43395546, 1, 1, 1
0.43395679, 1, 0, 1
0.43395742, 1, 1, 1
0.43395774, 1, 0, 1
0.43395814, 1, 1, 1
0.43395855, 1, 0, 1
0.43395916, 1, 1, 1
0.43395948, 1, 0, 1
0.43395981, 1, 1, 1
0.43396098, 1, 0, 1
0.43396103, 1, 1, 1
0.43396139, 1, 0, 1
0.43399592, 0, 0, 1
0.43400074, 1, 0, 1
0.43401075, 1, 1, 1
0.43401249, 1, 0, 1
0.43401299, 1, 1, 1
0.43401329, 1, 0, 1
0.43401357, 1, 1, 1
0.43401466, 1, 0, 1
0.43401610, 1, 1, 1
0.43401634, 1, 0, 1
0.43401646, 1, 1, 1
0.43401710, 1, 0, 1
0.43401762, 1, 1, 1
0.43401904, 1, 0, 1
0.43401993, 1, 1, 1
0.43402060, 1, 0, 1
0.43402080, 1, 1, 1
0.43402117, 1, 0, 1
0.43402174, 1, 1, 1
0.43402355, 1, 0, 1
0.43405837, 0, 0, 1
0.43406325, 1, 0, 1
0.43407355, 1, 1, 1
0.43407382, 1, 0, 1
0.43407413, 1, 1, 1
0.43407445, 1, 0, 1
0.43407470, 1, 1, 1
0.43407505, 1, 0, 1
0.43407550, 1, 1, 1
0.43407588, 1, 0, 1
0.43407615, 1, 1, 1
0.43407719, 1, 0, 1
0.43407861, 1, 1, 1
0.43407886, 1, 0, 1
0.43407897, 1, 1, 1
0.43407971, 1, 0, 1
0.43408013, 1, 1, 1
0.43408137, 1, 0, 1
0.43408245, 1, 1, 1
0.43408319, 1, 0, 1
0.43408339, 1, 1, 1
0.43408377, 1, 0, 1
0.43408455, 1, 1, 1
0.43408578, 1, 0, 1
0.43412088, 0, 0, 1
0.43412577, 1, 0, 1
0.43413606, 1, 1, 1
0.43413636, 1, 0, 1
0.43413664, 1, 1, 1
0.43413701, 1, 0, 1
0.43413722, 1, 1, 1
0.43413758, 1, 0, 1
0.43413801, 1, 1, 1
0.43413833, 1, 0, 1
0.43413874, 1, 1, 1
0.43413926, 1, 0, 1
0.43413931, 1, 1, 1
0.43413969, 1, 0, 1
0.43413989, 1, 1, 1
0.43414024, 1, 0, 1
0.43414113, 1, 1, 1
0.43414223, 1, 0, 1
0.43414264, 1, 1, 1
0.43414432, 1, 0, 1
0.43414496, 1, 1, 1
0.43414528, 1, 0, 1
0.43414532, 1, 1, 1
0.43414569, 1, 0, 1
0.43414590, 1, 1, 1
0.43414627, 1, 0, 1
0.43414706, 1, 1, 1
0.43414766, 1, 0, 1
0.43414785, 1, 1, 1
0.43414823, 1, 0, 1
0.43414858, 1, 1, 1
0.43414891, 1, 0, 1
0.43418339, 0, 0, 1
0.43418828, 1, 0, 1
0.43419821, 1, 1, 1
0.43420003, 1, 0, 1
0.43420060, 1, 1, 1
0.43420127, 1, 0, 1
0.43420132, 1, 1, 1
0.43420170, 1, 0, 1
0.43420183, 1, 1, 1
0.43420276, 1, 0, 1
0.43420364, 1, 1, 1
0.43420394, 1, 0, 1
0.43420400, 1, 1, 1
0.43420474, 1, 0, 1
0.43420516, 1, 1, 1
0.43420690, 1, 0, 1
0.43420747, 1, 1, 1
0.43420779, 1, 0, 1
0.43420783, 1, 1, 1
0.43420873, 1, 0, 1
0.43420921, 1, 1, 1
0.43420951, 1, 0, 1
0.43420957, 1, 1, 1
0.43421147, 1, 0, 1
0.43424590, 0, 0, 1
0.43425079, 1, 0, 1
0.43426080, 1, 1, 1
0.43426125, 1, 0, 1
0.43426138, 1, 1, 1
0.43426248, 1, 0, 1
0.43426319, 1, 1, 1
0.43426367, 1, 0, 1
0.43426376, 1, 1, 1
0.43426414, 1, 0, 1
0.43426442, 1, 1, 1
0.43426526, 1, 0, 1
0.43426615, 1, 1, 1
0.43426645, 1, 0, 1
0.43426659, 1, 1, 1
0.43426718, 1, 0, 1
0.43426767, 1, 1, 1
0.43426933, 1, 0, 1
0.43427006, 1, 1, 1
0.43427119, 1, 0, 1
0.43427180, 1, 1, 1
0.43427391, 1, 0, 1
0.43430846, 0, 0, 1
0.43431331, 1, 0, 1
0.43432613, 1, 1, 1
0.43432653, 1, 0, 1
0.43437093, 0, 0, 1
0.43437582, 1, 0, 1
0.43443345, 0, 0, 1
0.43443833, 1, 0, 1
0.43449595, 0, 0, 1
0.43450084, 1, 0, 1
0.43451085, 1, 1, 1
0.43451132, 1, 0, 1
0.43451143, 1, 1, 1
0.43451331, 1, 0, 1
0.43451367, 1, 1, 1
0.43451399, 1, 0, 1
0.43451563, 1, 1, 1
0.43451601, 1, 0, 1
0.43451773, 1, 1, 1
0.43451796, 1, 0, 1
0.43451961, 1, 1, 1
0.43452011, 1, 0, 1
0.43452120, 1, 1, 1
0.43452154, 1, 0, 1
0.43452199, 1, 1, 1
0.43452242, 1, 0, 1
0.43452366, 1, 1, 1
0.43452415, 1, 0, 1
0.43455847, 0, 0, 1
0.43456337, 1, 0, 1
0.43457329, 1, 1, 1
0.43457537, 1, 0, 1
0.43457619, 1, 1, 1
0.43457651, 1, 0, 1
0.43457807, 1, 1, 1
0.43457843, 1, 0, 1
0.43458024, 1, 1, 1
0.43458054, 1, 0, 1
0.43458205, 1, 1, 1
0.43458268, 1, 0, 1
0.43458371, 1, 1, 1
0.43458404, 1, 0, 1
0.43458624, 1, 1, 1
0.43458656, 1, 0, 1
0.43462092, 0, 0, 1
0.43462588, 1, 0, 1
0.43463581, 1, 1, 1
0.43463611, 1, 0, 1
0.43463653, 1, 1, 1
0.43463684, 1, 0, 1
0.43463696, 1, 1, 1
0.43463799, 1, 0, 1
0.43463870, 1, 1, 1
0.43463907, 1, 0, 1
0.43464058, 1, 1, 1
0.43464095, 1, 0, 1
0.43464275, 1, 1, 1
0.43464300, 1, 0, 1
0.43464449, 1, 1, 1
0.43464478, 1, 0, 1
0.43464623, 1, 1, 1
0.43464650, 1, 0, 1
0.43464876, 1, 1, 1
0.43464896, 1, 0, 1
0.43468347, 0, 0, 1
0.43468839, 1, 0, 1
0.43469832, 1, 1, 1
0.43469862, 1, 0, 1
0.43469904, 1, 1, 1
0.43469943, 1, 0, 1
0.43469948, 1, 1, 1
0.43470050, 1, 0, 1
0.43470121, 1, 1, 1
0.43470153, 1, 0, 1
0.43470186, 1, 1, 1
0.43470652, 1, 0, 1
0.43470700, 1, 1, 1
0.43470724, 1, 0, 1
0.43470874, 1, 1, 1
0.43470994, 1, 0, 1
0.43470997, 1, 1, 1
0.43471059, 1, 0, 1
0.43471127, 1, 1, 1
0.43471157, 1, 0, 1
0.43474599, 0, 0, 1
0.43475090, 1, 0, 1
0.43476083, 1, 1, 1
0.43476115, 1, 0, 1
0.43476156, 1, 1, 1
0.43476196, 1, 0, 1
0.43476199, 1, 1, 1
0.43476413, 1, 0, 1
0.43476467, 1, 1, 1
0.43476599, 1, 0, 1
0.43476604, 1, 1, 1
0.43476908, 1, 0, 1
0.43476951, 1, 1, 1
0.43476989, 1, 0, 1
0.43477125, 1, 1, 1
0.43477199, 1, 0, 1
0.43477205, 1, 1, 1
0.43477277, 1, 0, 1
0.43477378, 1, 1, 1
0.43477409, 1, 0, 1
0.43480852, 0, 0, 1
0.43481341, 1, 0, 1
0.43482335, 1, 1, 1
0.43482447, 1, 0, 1
0.43482450, 1, 1, 1
0.43482547, 1, 0, 1
0.43482624, 1, 1, 1
0.43482659, 1, 0, 1
0.43482689, 1, 1, 1
0.43482846, 1, 0, 1
0.43482855, 1, 1, 1
0.43483022, 1, 0, 1
0.43483029, 1, 1, 1
0.43483078, 1, 0, 1
0.43483087, 1, 1, 1
0.43483168, 1, 0, 1
0.43483203, 1, 1, 1
0.43483241, 1, 0, 1
0.43483275, 1, 1, 1
0.43483316, 1, 0, 1
0.43483376, 1, 1, 1
0.43483409, 1, 0, 1
0.43483412, 1, 1, 1
0.43483450, 1, 0, 1
0.43483456, 1, 1, 1
0.43483494, 1, 0, 1
0.43483499, 1, 1, 1
0.43483561, 1, 0, 1
0.43483630, 1, 1, 1
0.43483663, 1, 0, 1
0.43483680, 1, 1, 1
0.43483718, 1, 0, 1
0.43487104, 0, 0, 1
0.43487593, 1, 0, 1
0.43488586, 1, 1, 1
0.43488651, 1, 0, 1
0.43488657, 1, 1, 1
0.43488800, 1, 0, 1
0.43488875, 1, 1, 1
0.43488902, 1, 0, 1
0.43488933, 1, 1, 1
0.43489203, 1, 0, 1
0.43489230, 1, 1, 1
0.43489268, 1, 0, 1
0.43489280, 1, 1, 1
0.43489380, 1, 0, 1
0.43489454, 1, 1, 1
0.43489485, 1, 0, 1
0.43489628, 1, 1, 1
0.43489659, 1, 0, 1
0.43489664, 1, 1, 1
0.43489745, 1, 0, 1
0.43489780, 1, 1, 1
0.43489814, 1, 0, 1
0.43489881, 1, 1, 1
0.43489912, 1, 0, 1
0.43493355, 0, 0, 1
0.43493844, 1, 0, 1
0.43494837, 1, 1, 1
0.43494904, 1, 0, 1
0.43494909, 1, 1, 1
0.43494948, 1, 0, 1
0.43494953, 1, 1, 1
0.43495050, 1, 0, 1
0.43495127, 1, 1, 1
0.43495160, 1, 0, 1
0.43495184, 1, 1, 1
0.43495352, 1, 0, 1
0.43495358, 1, 1, 1
0.43495521, 1, 0, 1
0.43495532, 1, 1, 1
0.43495666, 1, 0, 1
0.43495713, 1, 1, 1
0.43495779, 1, 0, 1
0.43495879, 1, 1, 1
0.43495951, 1, 0, 1
0.43495958, 1, 1, 1
0.43496067, 1, 0, 1
0.43496111, 1, 1, 1
0.43496175, 1, 0, 1
0.43499614, 0, 0, 1
0.43500095, 1, 0, 1
0.43501096, 1, 1, 1
0.43501150, 1, 0, 1
0.43501153, 1, 1, 1
0.43501343, 1, 0, 1
0.43501378, 1, 1, 1
0.43501604, 1, 0, 1
0.43501617, 1, 1, 1
0.43501770, 1, 0, 1
0.43501783, 1, 1, 1
0.43501845, 1, 0, 1
0.43501848, 1, 1, 1
0.43501910, 1, 0, 1
0.43501971, 1, 1, 1
0.43502020, 1, 0, 1
0.43502029, 1, 1, 1
0.43502066, 1, 0, 1
0.43502130, 1, 1, 1
0.43502319, 1, 0, 1
0.43502369, 1, 1, 1
0.43502415, 1, 0, 1
0.43502434, 1, 1, 1
0.43502472, 1, 0, 1
0.43505858, 0, 0, 1
0.43506347, 1, 0, 1
0.43512109, 0, 0, 1
0.43512598, 1, 0, 1
0.43518358, 0, 0, 1
0.43518849, 1, 0, 1
0.43524612, 0, 0, 1
0.43525101, 1, 0, 1
0.43530860, 0, 0, 1
0.43531352, 1, 0, 1
0.43537114, 0, 0, 1
0.43537603, 1, 0, 1
0.43543366, 0, 0, 1
0.43543855, 1, 0, 1
0.43549617, 0, 0, 1
0.43550106, 1, 0, 1
0.43555866, 0, 0, 1
0.43556357, 1, 0, 1
0.43562120, 0, 0, 1
0.43562609, 1, 0, 1
0.43568372, 0, 0, 1
0.43568860, 1, 0, 1
0.43574617, 0, 0, 1
0.43575111, 1, 0, 1
0.43580874, 0, 0, 1
0.43581363, 1, 0, 1
0.43587123, 0, 0, 1
0.43587614, 1, 0, 1
0.43593377, 0, 0, 1
0.43593865, 1, 0, 1
0.43599625, 0, 0, 1
0.43600117, 1, 0, 1
0.43600958, 1, 1, 1
0.43600988, 1, 0, 1
0.43601074, 1, 1, 1
0.43601114, 1, 0, 1
0.43601291, 1, 1, 1
0.43601335, 1, 0, 1
0.43601407, 1, 1, 1
0.43601461, 1, 0, 1
0.43601515, 1, 1, 1
0.43601576, 1, 0, 1
0.43601645, 1, 1, 1
0.43601687, 1, 0, 1
0.43601804, 1, 1, 1
0.43601874, 1, 0, 1
0.43602072, 1, 1, 1
0.43602100, 1, 0, 1
0.43605879, 0, 0, 1
0.43606368, 1, 0, 1
0.43607549, 1, 1, 1
0.43607573, 1, 0, 1
0.43607651, 1, 1, 1
0.43607680, 1, 0, 1
0.43607687, 1, 1, 1
0.43607724, 1, 0, 1
0.43607766, 1, 1, 1
0.43607835, 1, 0, 1
0.43607897, 1, 1, 1
0.43607934, 1, 0, 1
0.43608092, 1, 1, 1
0.43608119, 1, 0, 1
0.43608324, 1, 1, 1
0.43608355, 1, 0, 1
0.43612127, 0, 0, 1
0.43612619, 1, 0, 1
0.43613801, 1, 1, 1
0.43613828, 1, 0, 1
0.43613880, 1, 1, 1
0.43613976, 1, 0, 1
0.43614018, 1, 1, 1
0.43614094, 1, 0, 1
0.43614148, 1, 1, 1
0.43614181, 1, 0, 1
0.43614336, 1, 1, 1
0.43614363, 1, 0, 1
0.43614575, 1, 1, 1
0.43614604, 1, 0, 1
0.43618382, 0, 0, 1
0.43618870, 1, 0, 1
0.43619640, 1, 1, 1
0.43619691, 1, 0, 1
0.43619705, 1, 1, 1
0.43619815, 1, 0, 1
0.43619820, 1, 1, 1
0.43619993, 1, 0, 1
0.43620052, 1, 1, 1
0.43620084, 1, 0, 1
0.43620124, 1, 1, 1
0.43620223, 1, 0, 1
0.43620269, 1, 1, 1
0.43620512, 1, 0, 1
0.43620580, 1, 1, 1
0.43621203, 1, 0, 1
0.43624633, 0, 0, 1
0.43625122, 1, 0, 1
0.43625768, 1, 1, 1
0.43625828, 1, 0, 1
0.43625884, 1, 1, 1
0.43625916, 1, 0, 1
0.43625919, 1, 1, 1
0.43625960, 1, 0, 1
0.43625963, 1, 1, 1
0.43626242, 1, 0, 1
0.43626303, 1, 1, 1
0.43626337, 1, 0, 1
0.43626368, 1, 1, 1
0.43626401, 1, 0, 1
0.43626404, 1, 1, 1
0.43626686, 1, 0, 1
0.43626694, 1, 1, 1
0.43626816, 1, 0, 1
0.43626824, 1, 1, 1
0.43626856, 1, 0, 1
0.43626868, 1, 1, 1
0.43627466, 1, 0, 1
0.43630885, 0, 0, 1
0.43631373, 1, 0, 1
0.43632135, 1, 1, 1
0.43632203, 1, 0, 1
0.43632214, 1, 1, 1
0.43632325, 1, 0, 1
0.43632330, 1, 1, 1
0.43632502, 1, 0, 1
0.43632555, 1, 1, 1
0.43632590, 1, 0, 1
0.43632612, 1, 1, 1
0.43632650, 1, 0, 1
0.43632656, 1, 1, 1
0.43632729, 1, 0, 1
0.43632772, 1, 1, 1
0.43632940, 1, 0, 1
0.43632945, 1, 1, 1
0.43633013, 1, 0, 1
0.43633068, 1, 1, 1
0.43633103, 1, 0, 1
0.43633119, 1, 1, 1
0.43633278, 1, 0, 1
0.43633293, 1, 1, 1
0.43633750, 1, 0, 1
0.43637140, 0, 0, 1
0.43637625, 1, 0, 1
0.43638386, 1, 1, 1
0.43638407, 1, 0, 1
0.43638466, 1, 1, 1
0.43638577, 1, 0, 1
0.43638581, 1, 1, 1
0.43638717, 1, 0, 1
0.43638806, 1, 1, 1
0.43638840, 1, 0, 1
0.43638857, 1, 1, 1
0.43638894, 1, 0, 1
0.43638907, 1, 1, 1
0.43638981, 1, 0, 1
0.43639023, 1, 1, 1
0.43639056, 1, 0, 1
0.43639059, 1, 1, 1
0.43639148, 1, 0, 1
0.43639153, 1, 1, 1
0.43639191, 1, 0, 1
0.43639197, 1, 1, 1
0.43639232, 1, 0, 1
0.43639312, 1, 1, 1
0.43639344, 1, 0, 1
0.43639370, 1, 1, 1
0.43639531, 1, 0, 1
0.43639544, 1, 1, 1
0.43639871, 1, 0, 1
0.43639891, 1, 1, 1
0.43639965, 1, 0, 1
0.43643387, 0, 0, 1
0.43643876, 1, 0, 1
0.43644638, 1, 1, 1
0.43644668, 1, 0, 1
0.43644674, 1, 1, 1
0.43644712, 1, 0, 1
0.43644717, 1, 1, 1
0.43645001, 1, 0, 1
0.43645057, 1, 1, 1
0.43645095, 1, 0, 1
0.43645101, 1, 1, 1
0.43645141, 1, 0, 1
0.43645159, 1, 1, 1
0.43645232, 1, 0, 1
0.43645274, 1, 1, 1
0.43645340, 1, 0, 1
0.43645354, 1, 1, 1
0.43645393, 1, 0, 1
0.43645405, 1, 1, 1
0.43645442, 1, 0, 1
0.43645448, 1, 1, 1
0.43645523, 1, 0, 1
0.43645564, 1, 1, 1
0.43645597, 1, 0, 1
0.43645622, 1, 1, 1
0.43645780, 1, 0, 1
0.43645795, 1, 1, 1
0.43646218, 1, 0, 1
0.43649636, 0, 0, 1
0.43650127, 1, 0, 1
0.43650896, 1, 1, 1
0.43650951, 1, 0, 1
0.43650961, 1, 1, 1
0.43651131, 1, 0, 1
0.43651157, 1, 1, 1
0.43651248, 1, 0, 1
0.43651301, 1, 1, 1
0.43651353, 1, 0, 1
0.43651417, 1, 1, 1
0.43651474, 1, 0, 1
0.43651526, 1, 1, 1
0.43651589, 1, 0, 1
0.43651598, 1, 1, 1
0.43651630, 1, 0, 1
0.43651663, 1, 1, 1
0.43651768, 1, 0, 1
0.43651815, 1, 1, 1
0.43652037, 1, 0, 1
0.43652054, 1, 1, 1
0.43652298, 1, 0, 1
0.43652314, 1, 1, 1
0.43652505, 1, 0, 1
0.43655889, 0, 0, 1
0.43656378, 1, 0, 1
0.43657379, 1, 1, 1
0.43657436, 1, 0, 1
0.43657835, 1, 1, 1
0.43657882, 1, 0, 1
0.43658537, 1, 1, 1
0.43658595, 1, 0, 1
0.43662145, 0, 0, 1
0.43662630, 1, 0, 1
0.43668389, 0, 0, 1
0.43668881, 1, 0, 1
0.43674648, 0, 0, 1
0.43675133, 1, 0, 1
0.43675894, 1, 1, 1
0.43675947, 1, 0, 1
0.43675974, 1, 1, 1
0.43676007, 1, 0, 1
0.43676024, 1, 1, 1
0.43676062, 1, 0, 1
0.43676126, 1, 1, 1
0.43676196, 1, 0, 1
0.43676256, 1, 1, 1
0.43676309, 1, 0, 1
0.43676379, 1, 1, 1
0.43676411, 1, 0, 1
0.43676415, 1, 1, 1
0.43676458, 1, 0, 1
0.43676480, 1, 1, 1
0.43676597, 1, 0, 1
0.43676705, 1, 1, 1
0.43676777, 1, 0, 1
0.43676951, 1, 1, 1
0.43676981, 1, 0, 1
0.43677001, 1, 1, 1
0.43677033, 1, 0, 1
0.43680895, 0, 0, 1
0.43681384, 1, 0, 1
0.43682146, 1, 1, 1
0.43682215, 1, 0, 1
0.43682276, 1, 1, 1
0.43682308, 1, 0, 1
0.43682413, 1, 1, 1
0.43682444, 1, 0, 1
0.43682500, 1, 1, 1
0.43682567, 1, 0, 1
0.43682623, 1, 1, 1
0.43682650, 1, 0, 1
0.43682666, 1, 1, 1
0.43682709, 1, 0, 1
0.43682724, 1, 1, 1
0.43682829, 1, 0, 1
0.43682956, 1, 1, 1
0.43683026, 1, 0, 1
0.43683202, 1, 1, 1
0.43683232, 1, 0, 1
0.43683260, 1, 1, 1
0.43683291, 1, 0, 1
0.43687150, 0, 0, 1
0.43687635, 1, 0, 1
0.43688397, 1, 1, 1
0.43688424, 1, 0, 1
0.43688433, 1, 1, 1
0.43688477, 1, 0, 1
0.43688527, 1, 1, 1
0.43688563, 1, 0, 1
0.43688657, 1, 1, 1
0.43688692, 1, 0, 1
0.43688744, 1, 1, 1
0.43688781, 1, 0, 1
0.43688867, 1, 1, 1
0.43688903, 1, 0, 1
0.43688918, 1, 1, 1
0.43688949, 1, 0, 1
0.43688976, 1, 1, 1
0.43689014, 1, 0, 1
0.43689048, 1, 1, 1
0.43689082, 1, 0, 1
0.43689207, 1, 1, 1
0.43689269, 1, 0, 1
0.43689453, 1, 1, 1
0.43689479, 1, 0, 1
0.43689518, 1, 1, 1
0.43689554, 1, 0, 1
0.43693397, 0, 0, 1
0.43693886, 1, 0, 1
0.43694648, 1, 1, 1
0.43694672, 1, 0, 1
0.43694677, 1, 1, 1
0.43694766, 1, 0, 1
0.43694771, 1, 1, 1
0.43694836, 1, 0, 1
0.43694902, 1, 1, 1
0.43694942, 1, 0, 1
0.43694996, 1, 1, 1
0.43695034, 1, 0, 1
0.43695119, 1, 1, 1
0.43695149, 1, 0, 1
0.43695169, 1, 1, 1
0.43695202, 1, 0, 1
0.43695227, 1, 1, 1
0.43695262, 1, 0, 1
0.43695299, 1, 1, 1
0.43695329, 1, 0, 1
0.43695459, 1, 1, 1
0.43695518, 1, 0, 1
0.43695524, 1, 1, 1
0.43695742, 1, 0, 1
0.43695770, 1, 1, 1
0.43695804, 1, 0, 1
0.43699649, 0, 0, 1
0.43700138, 1, 0, 1
0.43700900, 1, 1, 1
0.43700951, 1, 0, 1
0.43700979, 1, 1, 1
0.43701017, 1, 0, 1
0.43701030, 1, 1, 1
0.43701070, 1, 0, 1
0.43701146, 1, 1, 1
0.43701176, 1, 0, 1
0.43701247, 1, 1, 1
0.43701314, 1, 0, 1
0.43701370, 1, 1, 1
0.43701395, 1, 0, 1
0.43701420, 1, 1, 1
0.43701465, 1, 0, 1
0.43701486, 1, 1, 1
0.43701548, 1, 0, 1
0.43701551, 1, 1, 1
0.43701589, 1, 0, 1
0.43701652, 1, 1, 1
0.43701762, 1, 0, 1
0.43701804, 1, 1, 1
0.43701900, 1, 0, 1
0.43701920, 1, 1, 1
0.43701995, 1, 0, 1
0.43702021, 1, 1, 1
0.43702052, 1, 0, 1
0.43705900, 0, 0, 1
0.43706389, 1, 0, 1
0.43707151, 1, 1, 1
0.43707217, 1, 0, 1
0.43707230, 1, 1, 1
0.43707268, 1, 0, 1
0.43707281, 1, 1, 1
0.43707319, 1, 0, 1
0.43707397, 1, 1, 1
0.43707428, 1, 0, 1
0.43707462, 1, 1, 1
0.43707571, 1, 0, 1
0.43707621, 1, 1, 1
0.43707652, 1, 0, 1
0.43707672, 1, 1, 1
0.43707705, 1, 0, 1
0.43707766, 1, 1, 1
0.43707798, 1, 0, 1
0.43707802, 1, 1, 1
0.43707836, 1, 0, 1
0.43707860, 1, 1, 1
0.43707894, 1, 0, 1
0.43707961, 1, 1, 1
0.43708018, 1, 0, 1
0.43708026, 1, 1, 1
0.43708248, 1, 0, 1
0.43708272, 1, 1, 1
0.43708310, 1, 0, 1
0.43708323, 1, 1, 1
0.43708366, 1, 0, 1
0.43712152, 0, 0, 1
0.43712641, 1, 0, 1
0.43713402, 1, 1, 1
0.43713429, 1, 0, 1
0.43713438, 1, 1, 1
0.43713477, 1, 0, 1
0.43713482, 1, 1, 1
0.43713521, 1, 0, 1
0.43713532, 1, 1, 1
0.43713568, 1, 0, 1
0.43713648, 1, 1, 1
0.43713684, 1, 0, 1
0.43713713, 1, 1, 1
0.43713823, 1, 0, 1
0.43713873, 1, 1, 1
0.43713908, 1, 0, 1
0.43713923, 1, 1, 1
0.43713961, 1, 0, 1
0.43714017, 1, 1, 1
0.43714050, 1, 0, 1
0.43714053, 1, 1, 1
0.43714091, 1, 0, 1
0.43714213, 1, 1, 1
0.43714498, 1, 0, 1
0.43714524, 1, 1, 1
0.43714559, 1, 0, 1
0.43718404, 0, 0, 1
0.43718892, 1, 0, 1
0.43719654, 1, 1, 1
0.43719678, 1, 0, 1
0.43719682, 1, 1, 1
0.43719723, 1, 0, 1
0.43719733, 1, 1, 1
0.43719771, 1, 0, 1
0.43719783, 1, 1, 1
0.43719828, 1, 0, 1
0.43719900, 1, 1, 1
0.43719933, 1, 0, 1
0.43719957, 1, 1, 1
0.43719994, 1, 0, 1
0.43720001, 1, 1, 1
0.43720076, 1, 0, 1
0.43720131, 1, 1, 1
0.43720164, 1, 0, 1
0.43720174, 1, 1, 1
0.43720212, 1, 0, 1
0.43720232, 1, 1, 1
0.43720340, 1, 0, 1
0.43720464, 1, 1, 1
0.43720808, 1, 0, 1
0.43724654, 0, 0, 1
0.43725143, 1, 0, 1
0.43725905, 1, 1, 1
0.43725957, 1, 0, 1
0.43725977, 1, 1, 1
0.43726030, 1, 0, 1
0.43726042, 1, 1, 1
0.43726092, 1, 0, 1
0.43726151, 1, 1, 1
0.43726180, 1, 0, 1
0.43726202, 1, 1, 1
0.43726237, 1, 0, 1
0.43726259, 1, 1, 1
0.43726318, 1, 0, 1
0.43726390, 1, 1, 1
0.43726421, 1, 0, 1
0.43726425, 1, 1, 1
0.43726590, 1, 0, 1
0.43726614, 1, 1, 1
0.43726647, 1, 0, 1
0.43726715, 1, 1, 1
0.43726746, 1, 0, 1
0.43726751, 1, 1, 1
0.43727058, 1, 0, 1
0.43727077, 1, 1, 1
0.43727112, 1, 0, 1
0.43730906, 0, 0, 1
0.43731394, 1, 0, 1
0.43737154, 0, 0, 1
0.43737646, 1, 0, 1
0.43743415, 0, 0, 1
0.43743897, 1, 0, 1
0.43749665, 0, 0, 1
0.43750148, 1, 0, 1
0.43751149, 1, 1, 1
0.43751273, 1, 0, 1
0.43751337, 1, 1, 1
0.43751364, 1, 0, 1
0.43751373, 1, 1, 1
0.43751557, 1, 0, 1
0.43751612, 1, 1, 1
0.43751646, 1, 0, 1
0.43751786, 1, 1, 1
0.43751838, 1, 0, 1
0.43752082, 1, 1, 1
0.43752119, 1, 0, 1
0.43752357, 1, 1, 1
0.43752422, 1, 0, 1
0.43752546, 1, 1, 1
0.43752576, 1, 0, 1
0.43752683, 1, 1, 1
0.43752713, 1, 0, 1
0.43753074, 1, 1, 1
0.43753101, 1, 0, 1
0.43753139, 1, 1, 1
0.43753239, 1, 0, 1
0.43755911, 0, 0, 1
0.43756400, 1, 0, 1
0.43757393, 1, 1, 1
0.43757420, 1, 0, 1
0.43757429, 1, 1, 1
0.43757525, 1, 0, 1
0.43757581, 1, 1, 1
0.43757618, 1, 0, 1
0.43757639, 1, 1, 1
0.43757671, 1, 0, 1
0.43757697, 1, 1, 1
0.43757803, 1, 0, 1
0.43757871, 1, 1, 1
0.43757904, 1, 0, 1
0.43758030, 1, 1, 1
0.43758090, 1, 0, 1
0.43758334, 1, 1, 1
0.43758363, 1, 0, 1
0.43758609, 1, 1, 1
0.43758636, 1, 0, 1
0.43758644, 1, 1, 1
0.43758681, 1, 0, 1
0.43758797, 1, 1, 1
0.43758839, 1, 0, 1
0.43758934, 1, 1, 1
0.43758965, 1, 0, 1
0.43759318, 1, 1, 1
0.43759365, 1, 0, 1
0.43759383, 1, 1, 1
0.43759493, 1, 0, 1
0.43762160, 0, 0, 1
0.43762651, 1, 0, 1
0.43763645, 1, 1, 1
0.43763781, 1, 0, 1
0.43763825, 1, 1, 1
0.43763856, 1, 0, 1
0.43763890, 1, 1, 1
0.43763917, 1, 0, 1
0.43763948, 1, 1, 1
0.43763986, 1, 0, 1
0.43763999, 1, 1, 1
0.43764056, 1, 0, 1
0.43764129, 1, 1, 1
0.43764158, 1, 0, 1
0.43764281, 1, 1, 1
0.43764308, 1, 0, 1
0.43764585, 1, 1, 1
0.43764613, 1, 0, 1
0.43764860, 1, 1, 1
0.43764923, 1, 0, 1
0.43765048, 1, 1, 1
0.43765080, 1, 0, 1
0.43765186, 1, 1, 1
0.43765226, 1, 0, 1
0.43765562, 1, 1, 1
0.43765618, 1, 0, 1
0.43765627, 1, 1, 1
0.43765749, 1, 0, 1
0.43768414, 0, 0, 1
0.43768902, 1, 0, 1
0.43769896, 1, 1, 1
0.43770033, 1, 0, 1
0.43770077, 1, 1, 1
0.43770111, 1, 0, 1
0.43770142, 1, 1, 1
0.43770176, 1, 0, 1
0.43770200, 1, 1, 1
0.43770234, 1, 0, 1
0.43770250, 1, 1, 1
0.43770312, 1, 0, 1
0.43770381, 1, 1, 1
0.43770424, 1, 0, 1
0.43770533, 1, 1, 1
0.43770563, 1, 0, 1
0.43770598, 1, 1, 1
0.43770652, 1, 0, 1
0.43770655, 1, 1, 1
0.43770893, 1, 0, 1
0.43770945, 1, 1, 1
0.43771065, 1, 0, 1
0.43771111, 1, 1, 1
0.43771753, 1, 0, 1
0.43771828, 1, 1, 1
0.43771863, 1, 0, 1
0.43771871, 1, 1, 1
0.43771995, 1, 0, 1
0.43774665, 0, 0, 1
0.43775154, 1, 0, 1
0.43776147, 1, 1, 1
0.43776279, 1, 0, 1
0.43776328, 1, 1, 1
0.43776357, 1, 0, 1
0.43776393, 1, 1, 1
0.43776430, 1, 0, 1
0.43776451, 1, 1, 1
0.43776487, 1, 0, 1
0.43776509, 1, 1, 1
0.43776549, 1, 0, 1
0.43776632, 1, 1, 1
0.43776665, 1, 0, 1
0.43776784, 1, 1, 1
0.43776808, 1, 0, 1
0.43776842, 1, 1, 1
0.43776973, 1, 0, 1
0.43776994, 1, 1, 1
0.43777125, 1, 0, 1
0.43777225, 1, 1, 1
0.43777325, 1, 0, 1
0.43777363, 1, 1, 1
0.43777592, 1, 0, 1
0.43777630, 1, 1, 1
0.43777863, 1, 0, 1
0.43777884, 1, 1, 1
0.43777921, 1, 0, 1
0.43777941, 1, 1, 1
0.43778017, 1, 0, 1
0.43778079, 1, 1, 1
0.43778111, 1, 0, 1
0.43778114, 1, 1, 1
0.43778250, 1, 0, 1
0.43780917, 0, 0, 1
0.43781405, 1, 0, 1
0.43782399, 1, 1, 1
0.43782534, 1, 0, 1
0.43782579, 1, 1, 1
0.43782615, 1, 0, 1
0.43782644, 1, 1, 1
0.43782686, 1, 0, 1
0.43782702, 1, 1, 1
0.43782740, 1, 0, 1
0.43782760, 1, 1, 1
0.43782800, 1, 0, 1
0.43782818, 1, 1, 1
0.43782852, 1, 0, 1
0.43782883, 1, 1, 1
0.43782926, 1, 0, 1
0.43782934, 1, 1, 1
0.43782974, 1, 0, 1
0.43783035, 1, 1, 1
0.43783196, 1, 0, 1
0.43783216, 1, 1, 1
0.43783381, 1, 0, 1
0.43783448, 1, 1, 1
0.43783572, 1, 0, 1
0.43783614, 1, 1, 1
0.43783649, 1, 0, 1
0.43783672, 1, 1, 1
0.43783776, 1, 0, 1
0.43783802, 1, 1, 1
0.43783839, 1, 0, 1
0.43783853, 1, 1, 1
0.43784005, 1, 0, 1
0.43784019, 1, 1, 1
0.43784269, 1, 0, 1
0.43784330, 1, 1, 1
0.43784498, 1, 0, 1
0.43787169, 0, 0, 1
0.43787657, 1, 0, 1
0.43788650, 1, 1, 1
0.43788675, 1, 0, 1
0.43788686, 1, 1, 1
0.43788786, 1, 0, 1
0.43788831, 1, 1, 1
0.43788869, 1, 0, 1
0.43788896, 1, 1, 1
0.43788926, 1, 0, 1
0.43788954, 1, 1, 1
0.43788988, 1, 0, 1
0.43789012, 1, 1, 1
0.43789044, 1, 0, 1
0.43789135, 1, 1, 1
0.43789166, 1, 0, 1
0.43789287, 1, 1, 1
0.43789382, 1, 0, 1
0.43789409, 1, 1, 1
0.43789441, 1, 0, 1
0.43789460, 1, 1, 1
0.43789563, 1, 0, 1
0.43789590, 1, 1, 1
0.43789624, 1, 0, 1
0.43789692, 1, 1, 1
0.43789824, 1, 0, 1
0.43789865, 1, 1, 1
0.43789899, 1, 0, 1
0.43789923, 1, 1, 1
0.43790024, 1, 0, 1
0.43790053, 1, 1, 1
0.43790091, 1, 0, 1
0.43790097, 1, 1, 1
0.43790265, 1, 0, 1
0.43790270, 1, 1, 1
0.43790306, 1, 0, 1
0.43790365, 1, 1, 1
0.43790398, 1, 0, 1
0.43790422, 1, 1, 1
0.43790489, 1, 0, 1
0.43790582, 1, 1, 1
0.43790612, 1, 0, 1
0.43790647, 1, 1, 1
0.43790750, 1, 0, 1
0.43793419, 0, 0, 1
0.43793908, 1, 0, 1
0.43794901, 1, 1, 1
0.43794928, 1, 0, 1
0.43794937, 1, 1, 1
0.43794989, 1, 0, 1
0.43794995, 1, 1, 1
0.43795029, 1, 0, 1
0.43795089, 1, 1, 1
0.43795129, 1, 0, 1
0.43795147, 1, 1, 1
0.43795181, 1, 0, 1
0.43795205, 1, 1, 1
0.43795241, 1, 0, 1
0.43795263, 1, 1, 1
0.43795307, 1, 0, 1
0.43795379, 1, 1, 1
0.43795413, 1, 0, 1
0.43795538, 1, 1, 1
0.43795696, 1, 0, 1
0.43795711, 1, 1, 1
0.43795880, 1, 0, 1
0.43795943, 1, 1, 1
0.43796083, 1, 0, 1
0.43796117, 1, 1, 1
0.43796151, 1, 0, 1
0.43796174, 1, 1, 1
0.43796280, 1, 0, 1
0.43796305, 1, 1, 1
0.43796338, 1, 0, 1
0.43796348, 1, 1, 1
0.43796513, 1, 0, 1
0.43796522, 1, 1, 1
0.43796772, 1, 0, 1
0.43796833, 1, 1, 1
0.43796867, 1, 0, 1
0.43796898, 1, 1, 1
0.43797001, 1, 0, 1
0.43799671, 0, 0, 1
0.43800159, 1, 0, 1
0.43801160, 1, 1, 1
0.43801211, 1, 0, 1
0.43801217, 1, 1, 1
0.43801274, 1, 0, 1
0.43801348, 1, 1, 1
0.43801377, 1, 0, 1
0.43801398, 1, 1, 1
0.43801441, 1, 0, 1
0.43801456, 1, 1, 1
0.43801492, 1, 0, 1
0.43801514, 1, 1, 1
0.43801553, 1, 0, 1
0.43801572, 1, 1, 1
0.43801605, 1, 0, 1
0.43801623, 1, 1, 1
0.43801658, 1, 0, 1
0.43801688, 1, 1, 1
0.43801726, 1, 0, 1
0.43801796, 1, 1, 1
0.43801950, 1, 0, 1
0.43801970, 1, 1, 1
0.43802093, 1, 0, 1
0.43802100, 1, 1, 1
0.43802153, 1, 0, 1
0.43802202, 1, 1, 1
0.43802326, 1, 0, 1
0.43802368, 1, 1, 1
0.43802401, 1, 0, 1
0.43802433, 1, 1, 1
0.43802529, 1, 0, 1
0.43802563, 1, 1, 1
0.43802760, 1, 0, 1
0.43802780, 1, 1, 1
0.43803012, 1, 0, 1
0.43803084, 1, 1, 1
0.43803116, 1, 0, 1
0.43803149, 1, 1, 1
0.43803253, 1, 0, 1
0.43805922, 0, 0, 1
0.43806410, 1, 0, 1
0.43812173, 0, 0, 1
0.43812662, 1, 0, 1
0.43818421, 0, 0, 1
0.43818913, 1, 0, 1
0.43824675, 0, 0, 1
0.43825164, 1, 0, 1
0.43826165, 1, 1, 1
0.43826215, 1, 0, 1
0.43826237, 1, 1, 1
0.43826277, 1, 0, 1
0.43826353, 1, 1, 1
0.43826384, 1, 0, 1
0.43826404, 1, 1, 1
0.43826576, 1, 0, 1
0.43826628, 1, 1, 1
0.43826666, 1, 0, 1
0.43826795, 1, 1, 1
0.43826831, 1, 0, 1
0.43826860, 1, 1, 1
0.43826975, 1, 0, 1
0.43827098, 1, 1, 1
0.43827140, 1, 0, 1
0.43827373, 1, 1, 1
0.43827404, 1, 0, 1
0.43827685, 1, 1, 1
0.43827722, 1, 0, 1
0.43827778, 1, 1, 1
0.43827833, 1, 0, 1
0.43827858, 1, 1, 1
0.43827893, 1, 0, 1
0.43827909, 1, 1, 1
0.43827945, 1, 0, 1
0.43827988, 1, 1, 1
0.43828009, 1, 0, 1
0.43828013, 1, 1, 1
0.43828027, 1, 0, 1
0.43828126, 1, 1, 1
0.43828156, 1, 0, 1
0.43828205, 1, 1, 1
0.43828236, 1, 0, 1
0.43830925, 0, 0, 1
0.43831416, 1, 0, 1
0.43832409, 1, 1, 1
0.43832433, 1, 0, 1
0.43832445, 1, 1, 1
0.43832534, 1, 0, 1
0.43832597, 1, 1, 1
0.43832628, 1, 0, 1
0.43832648, 1, 1, 1
0.43832807, 1, 0, 1
0.43832887, 1, 1, 1
0.43832921, 1, 0, 1
0.43833046, 1, 1, 1
0.43833072, 1, 0, 1
0.43833104, 1, 1, 1
0.43833213, 1, 0, 1
0.43833343, 1, 1, 1
0.43833404, 1, 0, 1
0.43833625, 1, 1, 1
0.43833655, 1, 0, 1
0.43833929, 1, 1, 1
0.43833960, 1, 0, 1
0.43834030, 1, 1, 1
0.43834096, 1, 0, 1
0.43834160, 1, 1, 1
0.43834198, 1, 0, 1
0.43834240, 1, 1, 1
0.43834269, 1, 0, 1
0.43834377, 1, 1, 1
0.43834398, 1, 0, 1
0.43834404, 1, 1, 1
0.43834415, 1, 0, 1
0.43837175, 0, 0, 1
0.43837667, 1, 0, 1
0.43838661, 1, 1, 1
0.43838782, 1, 0, 1
0.43838841, 1, 1, 1
0.43838870, 1, 0, 1
0.43838892, 1, 1, 1
0.43838932, 1, 0, 1
0.43838950, 1, 1, 1
0.43839061, 1, 0, 1
0.43839145, 1, 1, 1
0.43839179, 1, 0, 1
0.43839297, 1, 1, 1
0.43839325, 1, 0, 1
0.43839355, 1, 1, 1
0.43839401, 1, 0, 1
0.43839427, 1, 1, 1
0.43839458, 1, 0, 1
0.43839587, 1, 1, 1
0.43839616, 1, 0, 1
0.43839623, 1, 1, 1
0.43839656, 1, 0, 1
0.43839876, 1, 1, 1
0.43839900, 1, 0, 1
0.43840180, 1, 1, 1
0.43840210, 1, 0, 1
0.43840281, 1, 1, 1
0.43840308, 1, 0, 1
0.43840317, 1, 1, 1
0.43840359, 1, 0, 1
0.43840411, 1, 1, 1
0.43840449, 1, 0, 1
0.43840491, 1, 1, 1
0.43840528, 1, 0, 1
0.43840628, 1, 1, 1
0.43840657, 1, 0, 1
0.43843430, 0, 0, 1
0.43843918, 1, 0, 1
0.43844912, 1, 1, 1
0.43844986, 1, 0, 1
0.43844991, 1, 1, 1
0.43845035, 1, 0, 1
0.43845093, 1, 1, 1
0.43845120, 1, 0, 1
0.43845143, 1, 1, 1
0.43845183, 1, 0, 1
0.43845201, 1, 1, 1
0.43845308, 1, 0, 1
0.43845397, 1, 1, 1
0.43845427, 1, 0, 1
0.43845549, 1, 1, 1
0.43845575, 1, 0, 1
0.43845606, 1, 1, 1
0.43845643, 1, 0, 1
0.43845679, 1, 1, 1
0.43845717, 1, 0, 1
0.43845838, 1, 1, 1
0.43845869, 1, 0, 1
0.43845874, 1, 1, 1
0.43846256, 1, 0, 1
0.43846308, 1, 1, 1
0.43846488, 1, 0, 1
0.43846532, 1, 1, 1
0.43846656, 1, 0, 1
0.43846662, 1, 1, 1
0.43846694, 1, 0, 1
0.43846713, 1, 1, 1
0.43847117, 1, 0, 1
0.43849681, 0, 0, 1
0.43850170, 1, 0, 1
0.43851163, 1, 1, 1
0.43851237, 1, 0, 1
0.43851243, 1, 1, 1
0.43851283, 1, 0, 1
0.43851344, 1, 1, 1
0.43851380, 1, 0, 1
0.43851395, 1, 1, 1
0.43851428, 1, 0, 1
0.43851452, 1, 1, 1
0.43851559, 1, 0, 1
0.43851648, 1, 1, 1
0.43851678, 1, 0, 1
0.43851800, 1, 1, 1
0.43851823, 1, 0, 1
0.43851865, 1, 1, 1
0.43851924, 1, 0, 1
0.43851930, 1, 1, 1
0.43851963, 1, 0, 1
0.43852031, 1, 1, 1
0.43852254, 1, 0, 1
0.43852263, 1, 1, 1
0.43852338, 1, 0, 1
0.43852357, 1, 1, 1
0.43852513, 1, 0, 1
0.43852588, 1, 1, 1
0.43852726, 1, 0, 1
0.43852784, 1, 1, 1
0.43852839, 1, 0, 1
0.43852863, 1, 1, 1
0.43852894, 1, 0, 1
0.43852914, 1, 1, 1
0.43852950, 1, 0, 1
0.43852957, 1, 1, 1
0.43853058, 1, 0, 1
0.43853073, 1, 1, 1
0.43853205, 1, 0, 1
0.43853210, 1, 1, 1
0.43853377, 1, 0, 1
0.43855930, 0, 0, 1
0.43856422, 1, 0, 1
0.43857415, 1, 1, 1
0.43857487, 1, 0, 1
0.43857494, 1, 1, 1
0.43857528, 1, 0, 1
0.43857595, 1, 1, 1
0.43857636, 1, 0, 1
0.43857645, 1, 1, 1
0.43857683, 1, 0, 1
0.43857704, 1, 1, 1
0.43857760, 1, 0, 1
0.43857776, 1, 1, 1
0.43857812, 1, 0, 1
0.43857834, 1, 1, 1
0.43857879, 1, 0, 1
0.43857899, 1, 1, 1
0.43857934, 1, 0, 1
0.43857950, 1, 1, 1
0.43857981, 1, 0, 1
0.43858051, 1, 1, 1
0.43858080, 1, 0, 1
0.43858145, 1, 1, 1
0.43858175, 1, 0, 1
0.43858181, 1, 1, 1
0.43858219, 1, 0, 1
0.43858239, 1, 1, 1
0.43858273, 1, 0, 1
0.43858341, 1, 1, 1
0.43858761, 1, 0, 1
0.43858811, 1, 1, 1
0.43858975, 1, 0, 1
0.43859035, 1, 1, 1
0.43859103, 1, 0, 1
0.43859115, 1, 1, 1
0.43859155, 1, 0, 1
0.43859165, 1, 1, 1
0.43859199, 1, 0, 1
0.43859209, 1, 1, 1
0.43859240, 1, 0, 1
0.43859245, 1, 1, 1
0.43859362, 1, 0, 1
0.43859382, 1, 1, 1
0.43859497, 1, 0, 1
0.43859505, 1, 1, 1
0.43859545, 1, 0, 1
0.43859556, 1, 1, 1
0.43859627, 1, 0, 1
0.43862184, 0, 0, 1
0.43862673, 1, 0, 1
0.43863666, 1, 1, 1
0.43863784, 1, 0, 1
0.43863847, 1, 1, 1
0.43863876, 1, 0, 1
0.43863897, 1, 1, 1
0.43863936, 1, 0, 1
0.43863955, 1, 1, 1
0.43864014, 1, 0, 1
0.43864027, 1, 1, 1
0.43864066, 1, 0, 1
0.43864151, 1, 1, 1
0.43864181, 1, 0, 1
0.43864302, 1, 1, 1
0.43864333, 1, 0, 1
0.43864397, 1, 1, 1
0.43864465, 1, 0, 1
0.43864592, 1, 1, 1
0.43864730, 1, 0, 1
0.43864744, 1, 1, 1
0.43864977, 1, 0, 1
0.43865055, 1, 1, 1
0.43865221, 1, 0, 1
0.43865286, 1, 1, 1
0.43865408, 1, 0, 1
0.43865417, 1, 1, 1
0.43865452, 1, 0, 1
0.43865460, 1, 1, 1
0.43865490, 1, 0, 1
0.43865496, 1, 1, 1
0.43865534, 1, 0, 1
0.43865554, 1, 1, 1
0.43865614, 1, 0, 1
0.43865634, 1, 1, 1
0.43865703, 1, 0, 1
0.43865712, 1, 1, 1
0.43865751, 1, 0, 1
0.43865757, 1, 1, 1
0.43865791, 1, 0, 1
0.43865807, 1, 1, 1
0.43865878, 1, 0, 1
0.43868433, 0, 0, 1
0.43868924, 1, 0, 1
0.43869917, 1, 1, 1
0.43869948, 1, 0, 1
0.43869953, 1, 1, 1
0.43869991, 1, 0, 1
0.43869996, 1, 1, 1
0.43870032, 1, 0, 1
0.43870105, 1, 1, 1
0.43870142, 1, 0, 1
0.43870156, 1, 1, 1
0.43870273, 1, 0, 1
0.43870279, 1, 1, 1
0.43870311, 1, 0, 1
0.43870395, 1, 1, 1
0.43870427, 1, 0, 1
0.43870554, 1, 1, 1
0.43870582, 1, 0, 1
0.43870612, 1, 1, 1
0.43870722, 1, 0, 1
0.43870843, 1, 1, 1
0.43870874, 1, 0, 1
0.43870879, 1, 1, 1
0.43871269, 1, 0, 1
0.43871306, 1, 1, 1
0.43871477, 1, 0, 1
0.43871538, 1, 1, 1
0.43871604, 1, 0, 1
0.43871617, 1, 1, 1
0.43871651, 1, 0, 1
0.43871668, 1, 1, 1
0.43872002, 1, 0, 1
0.43872008, 1, 1, 1
0.43872046, 1, 0, 1
0.43872059, 1, 1, 1
0.43872133, 1, 0, 1
0.43874684, 0, 0, 1
0.43875175, 1, 0, 1
0.43876176, 1, 1, 1
0.43876229, 1, 0, 1
0.43876248, 1, 1, 1
0.43876286, 1, 0, 1
0.43876364, 1, 1, 1
0.43876395, 1, 0, 1
0.43876414, 1, 1, 1
0.43876571, 1, 0, 1
0.43876588, 1, 1, 1
0.43876622, 1, 0, 1
0.43876639, 1, 1, 1
0.43876679, 1, 0, 1
0.43876704, 1, 1, 1
0.43876737, 1, 0, 1
0.43876805, 1, 1, 1
0.43876970, 1, 0, 1
0.43876993, 1, 1, 1
0.43877025, 1, 0, 1
0.43877095, 1, 1, 1
0.43877285, 1, 0, 1
0.43877304, 1, 1, 1
0.43877507, 1, 0, 1
0.43877565, 1, 1, 1
0.43877734, 1, 0, 1
0.43877789, 1, 1, 1
0.43877845, 1, 0, 1
0.43877861, 1, 1, 1
0.43877917, 1, 0, 1
0.43877926, 1, 1, 1
0.43878297, 1, 0, 1
0.43878310, 1, 1, 1
0.43878383, 1, 0, 1
0.43880938, 0, 0, 1
0.43881426, 1, 0, 1
0.43883527, 1, 1, 1
0.43883580, 1, 0, 1
0.43887189, 0, 0, 1
0.43887677, 1, 0, 1
0.43893440, 0, 0, 1
0.43893929, 1, 0, 1
0.43899692, 0, 0, 1
0.43900180, 1, 0, 1
0.43901196, 1, 1, 1
0.43901220, 1, 0, 1
0.43901253, 1, 1, 1
0.43901280, 1, 0, 1
0.43901369, 1, 1, 1
0.43901399, 1, 0, 1
0.43901405, 1, 1, 1
0.43901512, 1, 0, 1
0.43901543, 1, 1, 1
0.43901573, 1, 0, 1
0.43901644, 1, 1, 1
0.43901678, 1, 0, 1
0.43901811, 1, 1, 1
0.43901844, 1, 0, 1
0.43901876, 1, 1, 1
0.43901993, 1, 0, 1
0.43902114, 1, 1, 1
0.43902159, 1, 0, 1
0.43902389, 1, 1, 1
0.43902420, 1, 0, 1
0.43902563, 1, 1, 1
0.43902598, 1, 0, 1
0.43902932, 1, 1, 1
0.43902971, 1, 0, 1
0.43903026, 1, 1, 1
0.43903092, 1, 0, 1
0.43903105, 1, 1, 1
0.43903143, 1, 0, 1
0.43903156, 1, 1, 1
0.43903187, 1, 0, 1
0.43903236, 1, 1, 1
0.43903268, 1, 0, 1
0.43903373, 1, 1, 1
0.43903409, 1, 0, 1
0.43903453, 1, 1, 1
0.43903480, 1, 0, 1
0.43905947, 0, 0, 1
0.43906431, 1, 0, 1
0.43907440, 1, 1, 1
0.43907477, 1, 0, 1
0.43907497, 1, 1, 1
0.43907545, 1, 0, 1
0.43907613, 1, 1, 1
0.43907646, 1, 0, 1
0.43907657, 1, 1, 1
0.43907753, 1, 0, 1
0.43907787, 1, 1, 1
0.43907825, 1, 0, 1
0.43907903, 1, 1, 1
0.43907937, 1, 0, 1
0.43908062, 1, 1, 1
0.43908093, 1, 0, 1
0.43908120, 1, 1, 1
0.43908150, 1, 0, 1
0.43908156, 1, 1, 1
0.43908232, 1, 0, 1
0.43908359, 1, 1, 1
0.43908419, 1, 0, 1
0.43908641, 1, 1, 1
0.43908669, 1, 0, 1
0.43908814, 1, 1, 1
0.43908839, 1, 0, 1
0.43909176, 1, 1, 1
0.43909202, 1, 0, 1
0.43909277, 1, 1, 1
0.43909344, 1, 0, 1
0.43909408, 1, 1, 1
0.43909442, 1, 0, 1
0.43909487, 1, 1, 1
0.43909528, 1, 0, 1
0.43909625, 1, 1, 1
0.43909653, 1, 0, 1
0.43912194, 0, 0, 1
0.43912683, 1, 0, 1
0.43913684, 1, 1, 1
0.43913800, 1, 0, 1
0.43913857, 1, 1, 1
0.43913889, 1, 0, 1
0.43913908, 1, 1, 1
0.43914007, 1, 0, 1
0.43914031, 1, 1, 1
0.43914088, 1, 0, 1
0.43914161, 1, 1, 1
0.43914187, 1, 0, 1
0.43914313, 1, 1, 1
0.43914339, 1, 0, 1
0.43914371, 1, 1, 1
0.43914405, 1, 0, 1
0.43914443, 1, 1, 1
0.43914475, 1, 0, 1
0.43914603, 1, 1, 1
0.43914634, 1, 0, 1
0.43914639, 1, 1, 1
0.43914675, 1, 0, 1
0.43914892, 1, 1, 1
0.43914923, 1, 0, 1
0.43915066, 1, 1, 1
0.43915103, 1, 0, 1
0.43915427, 1, 1, 1
0.43915458, 1, 0, 1
0.43915529, 1, 1, 1
0.43915556, 1, 0, 1
0.43915564, 1, 1, 1
0.43915598, 1, 0, 1
0.43915659, 1, 1, 1
0.43915697, 1, 0, 1
0.43915738, 1, 1, 1
0.43915770, 1, 0, 1
0.43915876, 1, 1, 1
0.43915909, 1, 0, 1
0.43918443, 0, 0, 1
0.43918934, 1, 0, 1
0.43919950, 1, 1, 1
0.43919977, 1, 0, 1
0.43920007, 1, 1, 1
0.43920046, 1, 0, 1
0.43920109, 1, 1, 1
0.43920139, 1, 0, 1
0.43920159, 1, 1, 1
0.43920192, 1, 0, 1
0.43920195, 1, 1, 1
0.43920250, 1, 0, 1
0.43920297, 1, 1, 1
0.43920331, 1, 0, 1
0.43920413, 1, 1, 1
0.43920458, 1, 0, 1
0.43920564, 1, 1, 1
0.43920599, 1, 0, 1
0.43920622, 1, 1, 1
0.43920662, 1, 0, 1
0.43920695, 1, 1, 1
0.43920725, 1, 0, 1
0.43920854, 1, 1, 1
0.43920884, 1, 0, 1
0.43920890, 1, 1, 1
0.43921267, 1, 0, 1
0.43921317, 1, 1, 1
0.43921504, 1, 0, 1
0.43921556, 1, 1, 1
0.43921735, 1, 0, 1
0.43921780, 1, 1, 1
0.43921901, 1, 0, 1
0.43921910, 1, 1, 1
0.43921942, 1, 0, 1
0.43921961, 1, 1, 1
0.43922366, 1, 0, 1
0.43924694, 0, 0, 1
0.43925186, 1, 0, 1
0.43926201, 1, 1, 1
0.43926231, 1, 0, 1
0.43926259, 1, 1, 1
0.43926296, 1, 0, 1
0.43926360, 1, 1, 1
0.43926394, 1, 0, 1
0.43926410, 1, 1, 1
0.43926506, 1, 0, 1
0.43926548, 1, 1, 1
0.43926581, 1, 0, 1
0.43926664, 1, 1, 1
0.43926699, 1, 0, 1
0.43926816, 1, 1, 1
0.43926851, 1, 0, 1
0.43926881, 1, 1, 1
0.43926937, 1, 0, 1
0.43926946, 1, 1, 1
0.43926984, 1, 0, 1
0.43927047, 1, 1, 1
0.43927261, 1, 0, 1
0.43927279, 1, 1, 1
0.43927354, 1, 0, 1
0.43927373, 1, 1, 1
0.43927529, 1, 0, 1
0.43927568, 1, 1, 1
0.43927751, 1, 0, 1
0.43927836, 1, 1, 1
0.43927968, 1, 0, 1
0.43928031, 1, 1, 1
0.43928089, 1, 0, 1
0.43928111, 1, 1, 1
0.43928149, 1, 0, 1
0.43928161, 1, 1, 1
0.43928195, 1, 0, 1
0.43928204, 1, 1, 1
0.43928301, 1, 0, 1
0.43928321, 1, 1, 1
0.43928452, 1, 0, 1
0.43928458, 1, 1, 1
0.43928496, 1, 0, 1
0.43928501, 1, 1, 1
0.43928623, 1, 0, 1
0.43930949, 0, 0, 1
0.43931437, 1, 0, 1
0.43932452, 1, 1, 1
0.43932484, 1, 0, 1
0.43932510, 1, 1, 1
0.43932544, 1, 0, 1
0.43932611, 1, 1, 1
0.43932652, 1, 0, 1
0.43932662, 1, 1, 1
0.43932758, 1, 0, 1
0.43932799, 1, 1, 1
0.43932837, 1, 0, 1
0.43932850, 1, 1, 1
0.43932888, 1, 0, 1
0.43932915, 1, 1, 1
0.43932954, 1, 0, 1
0.43932965, 1, 1, 1
0.43933001, 1, 0, 1
0.43933067, 1, 1, 1
0.43933099, 1, 0, 1
0.43933161, 1, 1, 1
0.43933235, 1, 0, 1
0.43933255, 1, 1, 1
0.43933292, 1, 0, 1
0.43933357, 1, 1, 1
0.43933773, 1, 0, 1
0.43933820, 1, 1, 1
0.43933996, 1, 0, 1
0.43934058, 1, 1, 1
0.43934219, 1, 0, 1
0.43934283, 1, 1, 1
0.43934353, 1, 0, 1
0.43934362, 1, 1, 1
0.43934400, 1, 0, 1
0.43934413, 1, 1, 1
0.43934451, 1, 0, 1
0.43934456, 1, 1, 1
0.43934617, 1, 0, 1
0.43934630, 1, 1, 1
0.43934700, 1, 0, 1
0.43934709, 1, 1, 1
0.43934745, 1, 0, 1
0.43934753, 1, 1, 1
0.43934793, 1, 0, 1
0.43934803, 1, 1, 1
0.43934874, 1, 0, 1
0.43937197, 0, 0, 1
0.43937689, 1, 0, 1
0.43938704, 1, 1, 1
0.43938728, 1, 0, 1
0.43938761, 1, 1, 1
0.43938801, 1, 0, 1
0.43938863, 1, 1, 1
0.43938900, 1, 0, 1
0.43938913, 1, 1, 1
0.43939009, 1, 0, 1
0.43939051, 1, 1, 1
0.43939086, 1, 0, 1
0.43939167, 1, 1, 1
0.43939198, 1, 0, 1
0.43939318, 1, 1, 1
0.43939349, 1, 0, 1
0.43939412, 1, 1, 1
0.43939443, 1, 0, 1
0.43939448, 1, 1, 1
0.43939487, 1, 0, 1
0.43939608, 1, 1, 1
0.43939639, 1, 0, 1
0.43939644, 1, 1, 1
0.43939741, 1, 0, 1
0.43939760, 1, 1, 1
0.43939996, 1, 0, 1
0.43940071, 1, 1, 1
0.43940101, 1, 0, 1
0.43940106, 1, 1, 1
0.43940171, 1, 0, 1
0.43940201, 1, 1, 1
0.43940250, 1, 0, 1
0.43940302, 1, 1, 1
0.43940467, 1, 0, 1
0.43940534, 1, 1, 1
0.43940567, 1, 0, 1
0.43940570, 1, 1, 1
0.43940608, 1, 0, 1
0.43940613, 1, 1, 1
0.43940652, 1, 0, 1
0.43940664, 1, 1, 1
0.43940700, 1, 0, 1
0.43940708, 1, 1, 1
0.43940782, 1, 0, 1
0.43940802, 1, 1, 1
0.43940863, 1, 0, 1
0.43940881, 1, 1, 1
0.43940914, 1, 0, 1
0.43940917, 1, 1, 1
0.43940955, 1, 0, 1
0.43940960, 1, 1, 1
0.43940995, 1, 0, 1
0.43941004, 1, 1, 1
0.43941046, 1, 0, 1
0.43941055, 1, 1, 1
0.43941129, 1, 0, 1
0.43943451, 0, 0, 1
0.43943940, 1, 0, 1
0.43944955, 1, 1, 1
0.43944982, 1, 0, 1
0.43945013, 1, 1, 1
0.43945047, 1, 0, 1
0.43945121, 1, 1, 1
0.43945159, 1, 0, 1
0.43945164, 1, 1, 1
0.43945264, 1, 0, 1
0.43945302, 1, 1, 1
0.43945339, 1, 0, 1
0.43945411, 1, 1, 1
0.43945445, 1, 0, 1
0.43945570, 1, 1, 1
0.43945610, 1, 0, 1
0.43945628, 1, 1, 1
0.43945736, 1, 0, 1
0.43945859, 1, 1, 1
0.43946279, 1, 0, 1
0.43946322, 1, 1, 1
0.43946506, 1, 0, 1
0.43946554, 1, 1, 1
0.43946729, 1, 0, 1
0.43946785, 1, 1, 1
0.43946848, 1, 0, 1
0.43946865, 1, 1, 1
0.43946902, 1, 0, 1
0.43946915, 1, 1, 1
0.43947203, 1, 0, 1
0.43947212, 1, 1, 1
0.43947252, 1, 0, 1
0.43947255, 1, 1, 1
0.43947296, 1, 0, 1
0.43947306, 1, 1, 1
0.43947374, 1, 0, 1
0.43949703, 0, 0, 1
0.43950191, 1, 0, 1
0.43951206, 1, 1, 1
0.43951232, 1, 0, 1
0.43951264, 1, 1, 1
0.43951297, 1, 0, 1
0.43951380, 1, 1, 1
0.43951411, 1, 0, 1
0.43951423, 1, 1, 1
0.43951589, 1, 0, 1
0.43951604, 1, 1, 1
0.43951643, 1, 0, 1
0.43951655, 1, 1, 1
0.43951690, 1, 0, 1
0.43951720, 1, 1, 1
0.43951752, 1, 0, 1
0.43951821, 1, 1, 1
0.43951944, 1, 0, 1
0.43951951, 1, 1, 1
0.43951996, 1, 0, 1
0.43952009, 1, 1, 1
0.43952050, 1, 0, 1
0.43952110, 1, 1, 1
0.43952297, 1, 0, 1
0.43952320, 1, 1, 1
0.43952528, 1, 0, 1
0.43952574, 1, 1, 1
0.43952762, 1, 0, 1
0.43952812, 1, 1, 1
0.43952980, 1, 0, 1
0.43953037, 1, 1, 1
0.43953095, 1, 0, 1
0.43953109, 1, 1, 1
0.43953155, 1, 0, 1
0.43953174, 1, 1, 1
0.43953548, 1, 0, 1
0.43953557, 1, 1, 1
0.43953627, 1, 0, 1
0.43955954, 0, 0, 1
0.43956442, 1, 0, 1
0.43958543, 1, 1, 1
0.43958602, 1, 0, 1
0.43962210, 0, 0, 1
0.43962694, 1, 0, 1
0.43968453, 0, 0, 1
0.43968945, 1, 0, 1
0.43974715, 0, 0, 1
0.43975196, 1, 0, 1
0.43975958, 1, 1, 1
0.43976017, 1, 0, 1
0.43976030, 1, 1, 1
0.43976149, 1, 0, 1
0.43976190, 1, 1, 1
0.43976262, 1, 0, 1
0.43976378, 1, 1, 1
0.43976406, 1, 0, 1
0.43976501, 1, 1, 1
0.43976546, 1, 0, 1
0.43976769, 1, 1, 1
0.43976892, 1, 0, 1
0.43976899, 1, 1, 1
0.43976946, 1, 0, 1
0.43977000, 1, 1, 1
0.43977055, 1, 0, 1
0.43977253, 1, 1, 1
0.43977282, 1, 0, 1
0.43977347, 1, 1, 1
0.43977380, 1, 0, 1
0.43977637, 1, 1, 1
0.43977760, 1, 0, 1
0.43977766, 1, 1, 1
0.43977811, 1, 0, 1
0.43977890, 1, 1, 1
0.43977917, 1, 0, 1
0.43977999, 1, 1, 1
0.43978031, 1, 0, 1
0.43978107, 1, 1, 1
0.43978275, 1, 0, 1
0.43980959, 0, 0, 1
0.43981448, 1, 0, 1
0.43982210, 1, 1, 1
0.43982236, 1, 0, 1
0.43982245, 1, 1, 1
0.43982400, 1, 0, 1
0.43982456, 1, 1, 1
0.43982497, 1, 0, 1
0.43982629, 1, 1, 1
0.43982661, 1, 0, 1
0.43982745, 1, 1, 1
0.43982776, 1, 0, 1
0.43983034, 1, 1, 1
0.43983060, 1, 0, 1
0.43983078, 1, 1, 1
0.43983204, 1, 0, 1
0.43983251, 1, 1, 1
0.43983329, 1, 0, 1
0.43983599, 1, 1, 1
0.43983627, 1, 0, 1
0.43983903, 1, 1, 1
0.43983927, 1, 0, 1
0.43983946, 1, 1, 1
0.43983976, 1, 0, 1
0.43983982, 1, 1, 1
0.43984077, 1, 0, 1
0.43984250, 1, 1, 1
0.43984278, 1, 0, 1
0.43984351, 1, 1, 1
0.43984477, 1, 0, 1
0.43984480, 1, 1, 1
0.43984522, 1, 0, 1
0.43987211, 0, 0, 1
0.43987699, 1, 0, 1
0.43988461, 1, 1, 1
0.43988489, 1, 0, 1
0.43988497, 1, 1, 1
0.43988656, 1, 0, 1
0.43988707, 1, 1, 1
0.43988740, 1, 0, 1
0.43988881, 1, 1, 1
0.43988911, 1, 0, 1
0.43988996, 1, 1, 1
0.43989030, 1, 0, 1
0.43989286, 1, 1, 1
0.43989313, 1, 0, 1
0.43989329, 1, 1, 1
0.43989458, 1, 0, 1
0.43989503, 1, 1, 1
0.43989577, 1, 0, 1
0.43989850, 1, 1, 1
0.43989876, 1, 0, 1
0.43990154, 1, 1, 1
0.43990181, 1, 0, 1
0.43990197, 1, 1, 1
0.43990330, 1, 0, 1
0.43990501, 1, 1, 1
0.43990528, 1, 0, 1
0.43990603, 1, 1, 1
0.43990633, 1, 0, 1
0.43990638, 1, 1, 1
0.43990723, 1, 0, 1
0.43990733, 1, 1, 1
0.43990771, 1, 0, 1
0.43993462, 0, 0, 1
0.43993950, 1, 0, 1
0.43994712, 1, 1, 1
0.43994739, 1, 0, 1
0.43994748, 1, 1, 1
0.43994904, 1, 0, 1
0.43994958, 1, 1, 1
0.43994994, 1, 0, 1
0.43995009, 1, 1, 1
0.43995192, 1, 0, 1
0.43995240, 1, 1, 1
0.43995478, 1, 0, 1
0.43995537, 1, 1, 1
0.43995569, 1, 0, 1
0.43995580, 1, 1, 1
0.43995613, 1, 0, 1
0.43995616, 1, 1, 1
0.43995715, 1, 0, 1
0.43995754, 1, 1, 1
0.43996169, 1, 0, 1
0.43996405, 1, 1, 1
0.43996433, 1, 0, 1
0.43996449, 1, 1, 1
0.43996480, 1, 0, 1
0.43996484, 1, 1, 1
0.43996595, 1, 0, 1
0.43996637, 1, 1, 1
0.43996682, 1, 0, 1
0.43996687, 1, 1, 1
0.43996805, 1, 0, 1
0.43996854, 1, 1, 1
0.43996967, 1, 0, 1
0.43996984, 1, 1, 1
0.43997017, 1, 0, 1
0.43999725, 0, 0, 1
0.44000201, 1, 0, 1
0.44000848, 1, 1, 1
0.44000908, 1, 0, 1
0.44000963, 1, 1, 1
0.44001249, 1, 0, 1
0.44001252, 1, 1, 1
0.44001351, 1, 0, 1
0.44001383, 1, 1, 1
0.44001421, 1, 0, 1
0.44001499, 1, 1, 1
0.44001526, 1, 0, 1
0.44001542, 1, 1, 1
0.44001721, 1, 0, 1
0.44001788, 1, 1, 1
0.44001819, 1, 0, 1
0.44001832, 1, 1, 1
0.44002253, 1, 0, 1
0.44002258, 1, 1, 1
0.44002426, 1, 0, 1
0.44002657, 1, 1, 1
0.44002683, 1, 0, 1
0.44002700, 1, 1, 1
0.44002833, 1, 0, 1
0.44002895, 1, 1, 1
0.44002921, 1, 0, 1
0.44002931, 1, 1, 1
0.44002965, 1, 0, 1
0.44003004, 1, 1, 1
0.44003040, 1, 0, 1
0.44003105, 1, 1, 1
0.44003137, 1, 0, 1
0.44003141, 1, 1, 1
0.44003212, 1, 0, 1
0.44003235, 1, 1, 1
0.44003276, 1, 0, 1
0.44005962, 0, 0, 1
0.44006453, 1, 0, 1
0.44007215, 1, 1, 1
0.44007403, 1, 0, 1
0.44007461, 1, 1, 1
0.44007499, 1, 0, 1
0.44007504, 1, 1, 1
0.44007675, 1, 0, 1
0.44007750, 1, 1, 1
0.44007782, 1, 0, 1
0.44007794, 1, 1, 1
0.44007960, 1, 0, 1
0.44008040, 1, 1, 1
0.44008070, 1, 0, 1
0.44008083, 1, 1, 1
0.44008116, 1, 0, 1
0.44008141, 1, 1, 1
0.44008211, 1, 0, 1
0.44008257, 1, 1, 1
0.44008419, 1, 0, 1
0.44008430, 1, 1, 1
0.44008498, 1, 0, 1
0.44008510, 1, 1, 1
0.44008585, 1, 0, 1
0.44008604, 1, 1, 1
0.44008672, 1, 0, 1
0.44008908, 1, 1, 1
0.44008937, 1, 0, 1
0.44008951, 1, 1, 1
0.44008984, 1, 0, 1
0.44009009, 1, 1, 1
0.44009089, 1, 0, 1
0.44009147, 1, 1, 1
0.44009177, 1, 0, 1
0.44009190, 1, 1, 1
0.44009252, 1, 0, 1
0.44009255, 1, 1, 1
0.44009289, 1, 0, 1
0.44009357, 1, 1, 1
0.44009469, 1, 0, 1
0.44009487, 1, 1, 1
0.44009527, 1, 0, 1
0.44012218, 0, 0, 1
0.44012705, 1, 0, 1
0.44013466, 1, 1, 1
0.44013657, 1, 0, 1
0.44013712, 1, 1, 1
0.44013748, 1, 0, 1
0.44013755, 1, 1, 1
0.44013786, 1, 0, 1
0.44013850, 1, 1, 1
0.44013930, 1, 0, 1
0.44014002, 1, 1, 1
0.44014036, 1, 0, 1
0.44014045, 1, 1, 1
0.44014149, 1, 0, 1
0.44014168, 1, 1, 1
0.44014202, 1, 0, 1
0.44014291, 1, 1, 1
0.44014331, 1, 0, 1
0.44014334, 1, 1, 1
0.44014375, 1, 0, 1
0.44014392, 1, 1, 1
0.44014423, 1, 0, 1
0.44014428, 1, 1, 1
0.44014464, 1, 0, 1
0.44014508, 1, 1, 1
0.44014602, 1, 0, 1
0.44014631, 1, 1, 1
0.44014665, 1, 0, 1
0.44014682, 1, 1, 1
0.44014718, 1, 0, 1
0.44014761, 1, 1, 1
0.44014792, 1, 0, 1
0.44014797, 1, 1, 1
0.44014840, 1, 0, 1
0.44014855, 1, 1, 1
0.44014922, 1, 0, 1
0.44015159, 1, 1, 1
0.44015189, 1, 0, 1
0.44015202, 1, 1, 1
0.44015237, 1, 0, 1
0.44015260, 1, 1, 1
0.44015335, 1, 0, 1
0.44015398, 1, 1, 1
0.44015435, 1, 0, 1
0.44015470, 1, 1, 1
0.44015501, 1, 0, 1
0.44015506, 1, 1, 1
0.44015544, 1, 0, 1
0.44015608, 1, 1, 1
0.44015639, 1, 0, 1
0.44015644, 1, 1, 1
0.44015728, 1, 0, 1
0.44018464, 0, 0, 1
0.44018956, 1, 0, 1
0.44019718, 1, 1, 1
0.44019738, 1, 0, 1
0.44019745, 1, 1, 1
0.44019911, 1, 0, 1
0.44019963, 1, 1, 1
0.44020004, 1, 0, 1
0.44020007, 1, 1, 1
0.44020177, 1, 0, 1
0.44020253, 1, 1, 1
0.44020283, 1, 0, 1
0.44020296, 1, 1, 1
0.44020455, 1, 0, 1
0.44020542, 1, 1, 1
0.44020570, 1, 0, 1
0.44020586, 1, 1, 1
0.44020618, 1, 0, 1
0.44020643, 1, 1, 1
0.44020716, 1, 0, 1
0.44020759, 1, 1, 1
0.44020920, 1, 0, 1
0.44020933, 1, 1, 1
0.44021009, 1, 0, 1
0.44021012, 1, 1, 1
0.44021179, 1, 0, 1
0.44021411, 1, 1, 1
0.44021438, 1, 0, 1
0.44021454, 1, 1, 1
0.44021487, 1, 0, 1
0.44021512, 1, 1, 1
0.44021586, 1, 0, 1
0.44021649, 1, 1, 1
0.44021680, 1, 0, 1
0.44021685, 1, 1, 1
0.44021798, 1, 0, 1
0.44021859, 1, 1, 1
0.44021981, 1, 0, 1
0.44024719, 0, 0, 1
0.44025207, 1, 0, 1
0.44025969, 1, 1, 1
0.44025996, 1, 0, 1
0.44026005, 1, 1, 1
0.44026163, 1, 0, 1
0.44026215, 1, 1, 1
0.44026246, 1, 0, 1
0.44026265, 1, 1, 1
0.44026383, 1, 0, 1
0.44026396, 1, 1, 1
0.44026450, 1, 0, 1
0.44026504, 1, 1, 1
0.44026538, 1, 0, 1
0.44026555, 1, 1, 1
0.44026712, 1, 0, 1
0.44026794, 1, 1, 1
0.44026833, 1, 0, 1
0.44026837, 1, 1, 1
0.44026874, 1, 0, 1
0.44026895, 1, 1, 1
0.44026969, 1, 0, 1
0.44027011, 1, 1, 1
0.44027070, 1, 0, 1
0.44027076, 1, 1, 1
0.44027179, 1, 0, 1
0.44027192, 1, 1, 1
0.44027251, 1, 0, 1
0.44027256, 1, 1, 1
0.44027467, 1, 0, 1
0.44027488, 1, 1, 1
0.44027526, 1, 0, 1
0.44027546, 1, 1, 1
0.44027584, 1, 0, 1
0.44027662, 1, 1, 1
0.44027695, 1, 0, 1
0.44027705, 1, 1, 1
0.44027743, 1, 0, 1
0.44027763, 1, 1, 1
0.44027837, 1, 0, 1
0.44027893, 1, 1, 1
0.44027939, 1, 0, 1
0.44027944, 1, 1, 1
0.44028007, 1, 0, 1
0.44028016, 1, 1, 1
0.44028061, 1, 0, 1
0.44028118, 1, 1, 1
0.44028275, 1, 0, 1
0.44030970, 0, 0, 1
0.44031458, 1, 0, 1
0.44037221, 0, 0, 1
0.44037710, 1, 0, 1
0.44043472, 0, 0, 1
0.44043961, 1, 0, 1
0.44049724, 0, 0, 1
0.44050213, 1, 0, 1
0.44050873, 1, 1, 1
0.44050960, 1, 0, 1
0.44055979, 0, 0, 1
0.44056464, 1, 0, 1
0.44057117, 1, 1, 1
0.44057142, 1, 0, 1
0.44057145, 1, 1, 1
0.44057216, 1, 0, 1
0.44062231, 0, 0, 1
0.44062715, 1, 0, 1
0.44063361, 1, 1, 1
0.44063388, 1, 0, 1
0.44063433, 1, 1, 1
0.44063469, 1, 0, 1
0.44068478, 0, 0, 1
0.44068967, 1, 0, 1
0.44069612, 1, 1, 1
0.44069643, 1, 0, 1
0.44069692, 1, 1, 1
0.44069722, 1, 0, 1
0.44074729, 0, 0, 1
0.44075218, 1, 0, 1
0.44075864, 1, 1, 1
0.44075894, 1, 0, 1
0.44075951, 1, 1, 1
0.44075986, 1, 0, 1
0.44080980, 0, 0, 1
0.44081470, 1, 0, 1
0.44082115, 1, 1, 1
0.44082136, 1, 0, 1
0.44082195, 1, 1, 1
0.44082228, 1, 0, 1
0.44087229, 0, 0, 1
0.44087720, 1, 0, 1
0.44088366, 1, 1, 1
0.44088397, 1, 0, 1
0.44088439, 1, 1, 1
0.44088471, 1, 0, 1
0.44093483, 0, 0, 1
0.44093972, 1, 0, 1
0.44094625, 1, 1, 1
0.44094717, 1, 0, 1
0.44099732, 0, 0, 1
0.44100223, 1, 0, 1
0.44100884, 1, 1, 1
0.44100968, 1, 0, 1
0.44105986, 0, 0, 1
0.44106475, 1, 0, 1
0.44112237, 0, 0, 1
0.44112726, 1, 0, 1
0.44113480, 1, 1, 1
0.44113560, 1, 0, 1
0.44118488, 0, 0, 1
0.44118977, 1, 0, 1
0.44124744, 0, 0, 1
0.44125228, 1, 0, 1
0.44130990, 0, 0, 1
0.44131480, 1, 0, 1
0.44137243, 0, 0, 1
0.44137731, 1, 0, 1
0.44143488, 0, 0, 1
0.44143983, 1, 0, 1
0.44149745, 0, 0, 1
0.44150234, 1, 0, 1
0.44155994, 0, 0, 1
0.44156485, 1, 0, 1
0.44162248, 0, 0, 1
0.44162737, 1, 0, 1
0.44168496, 0, 0, 1
0.44168988, 1, 0, 1
0.44174748, 0, 0, 1
0.44175239, 1, 0, 1
0.44181006, 0, 0, 1
0.44181490, 1, 0, 1
0.44187253, 0, 0, 1
0.44187742, 1, 0, 1
0.44193505, 0, 0, 1
0.44193994, 1, 0, 1
0.44199753, 0, 0, 1
0.44200244, 1, 0, 1
0.44206011, 0, 0, 1
0.44206495, 1, 0, 1
0.44212259, 0, 0, 1
0.44212747, 1, 0, 1
0.44218510, 0, 0, 1
0.44218998, 1, 0, 1
0.44224758, 0, 0, 1
0.44225250, 1, 0, 1
0.44231013, 0, 0, 1
0.44231501, 1, 0, 1
0.44237268, 0, 0, 1
0.44237752, 1, 0, 1
0.44243512, 0, 0, 1
0.44244004, 1, 0, 1
0.44249766, 0, 0, 1
0.44250255, 1, 0, 1
0.44256017, 0, 0, 1
0.44256506, 1, 0, 1
0.44262269, 0, 0, 1
0.44262758, 1, 0, 1
0.44268518, 0, 0, 1
0.44269009, 1, 0, 1
0.44274772, 0, 0, 1
0.44275260, 1, 0, 1
0.44281027, 0, 0, 1
0.44281511, 1, 0, 1
0.44287272, 0, 0, 1
0.44287763, 1, 0, 1
0.44293523, 0, 0, 1
0.44294015, 1, 0, 1
0.44299777, 0, 0, 1
0.44300265, 1, 0, 1
0.44306026, 0, 0, 1
0.44306517, 1, 0, 1
0.44312277, 0, 0, 1
0.44312768, 1, 0, 1
0.44318531, 0, 0, 1
0.44319020, 1, 0, 1
0.44324782, 0, 0, 1
0.44325271, 1, 0, 1
0.44331033, 0, 0, 1
0.44331522, 1, 0, 1
0.44337285, 0, 0, 1
0.44337774, 1, 0, 1
0.44343534, 0, 0, 1
0.44344025, 1, 0, 1
0.44349787, 0, 0, 1
0.44350277, 1, 0, 1
0.44356036, 0, 0, 1
0.44356528, 1, 0, 1
0.44362289, 0, 0, 1
0.44362779, 1, 0, 1
0.44368542, 0, 0, 1
0.44369031, 1, 0, 1
0.44374790, 0, 0, 1
0.44375282, 1, 0, 1
0.44381045, 0, 0, 1
0.44381533, 1, 0, 1
0.44387293, 0, 0, 1
0.44387785, 1, 0, 1
0.44393550, 0, 0, 1
0.44394036, 1, 0, 1
0.44399798, 0, 0, 1
0.44400287, 1, 0, 1
0.44406049, 0, 0, 1
0.44406538, 1, 0, 1
0.44412301, 0, 0, 1
0.44412789, 1, 0, 1
0.44418560, 0, 0, 1
0.44419041, 1, 0, 1
0.44424808, 0, 0, 1
0.44425292, 1, 0, 1
0.44431054, 0, 0, 1
0.44431543, 1, 0, 1
0.44437306, 0, 0, 1
0.44437795, 1, 0, 1
0.44443555, 0, 0, 1
0.44444046, 1, 0, 1
0.44449815, 0, 0, 1
0.44450298, 1, 0, 1
0.44456065, 0, 0, 1
0.44456549, 1, 0, 1
0.44462312, 0, 0, 1
0.44462800, 1, 0, 1
0.44468563, 0, 0, 1
0.44469051, 1, 0, 1
0.44474821, 0, 0, 1
0.44475303, 1, 0, 1
0.44481065, 0, 0, 1
0.44481554, 1, 0, 1
0.44487319, 0, 0, 1
0.44487806, 1, 0, 1
0.44493569, 0, 0, 1
0.44494057, 1, 0, 1
0.44499819, 0, 0, 1
0.44500308, 1, 0, 1
0.44506068, 0, 0, 1
0.44506560, 1, 0, 1
0.44512322, 0, 0, 1
0.44512811, 1, 0, 1
0.44518578, 0, 0, 1
0.44519062, 1, 0, 1
0.44524822, 0, 0, 1
0.44525314, 1, 0, 1
0.44531076, 0, 0, 1
0.44531565, 1, 0, 1
0.44537325, 0, 0, 1
0.44537816, 1, 0, 1
0.44543579, 0, 0, 1
0.44544068, 1, 0, 1
0.44549830, 0, 0, 1
0.44550319, 1, 0, 1
0.44556082, 0, 0, 1
0.44556570, 1, 0, 1
0.44562333, 0, 0, 1
0.44562822, 1, 0, 1
0.44568584, 0, 0, 1
0.44569073, 1, 0, 1
0.44574833, 0, 0, 1
0.44575324, 1, 0, 1
0.44581087, 0, 0, 1
0.44581576, 1, 0, 1
0.44587335, 0, 0, 1
0.44587827, 1, 0, 1
0.44593589, 0, 0, 1
0.44594077, 1, 0, 1
0.44599840, 0, 0, 1
0.44600330, 1, 0, 1
0.44606089, 0, 0, 1
0.44606581, 1, 0, 1
0.44612341, 0, 0, 1
0.44612832, 1, 0, 1
0.44618598, 0, 0, 1
0.44619083, 1, 0, 1
0.44624846, 0, 0, 1
0.44625335, 1, 0, 1
0.44631092, 0, 0, 1
0.44631586, 1, 0, 1
0.44637349, 0, 0, 1
0.44637837, 1, 0, 1
0.44643601, 0, 0, 1
0.44644089, 1, 0, 1
0.44649851, 0, 0, 1
0.44650340, 1, 0, 1
0.44651037, 1, 1, 1
0.44651361, 1, 0, 1
0.44651377, 1, 1, 1
0.44652054, 1, 0, 1
0.44652072, 1, 1, 1
0.44652292, 1, 0, 1
0.44652303, 1, 1, 1
0.44652516, 1, 0, 1
0.44652535, 1, 1, 1
0.44653550, 1, 0, 1
0.44653577, 1, 1, 1
0.44654076, 1, 0, 1
0.44654098, 1, 1, 1
0.44655635, 1, 0, 1
0.44656103, 0, 0, 1
0.44656592, 1, 0, 1
0.44657288, 1, 1, 1
0.44657609, 1, 0, 1
0.44657628, 1, 1, 1
0.44658291, 1, 0, 1
0.44658323, 1, 1, 1
0.44658542, 1, 0, 1
0.44658555, 1, 1, 1
0.44658770, 1, 0, 1
0.44658786, 1, 1, 1
0.44659803, 1, 0, 1
0.44659828, 1, 1, 1
0.44660329, 1, 0, 1
0.44660349, 1, 1, 1
0.44661886, 1, 0, 1
0.44662357, 0, 0, 1
0.44662843, 1, 0, 1
0.44663540, 1, 1, 1
0.44663865, 1, 0, 1
0.44663880, 1, 1, 1
0.44664550, 1, 0, 1
0.44664574, 1, 1, 1
0.44664788, 1, 0, 1
0.44664806, 1, 1, 1
0.44665017, 1, 0, 1
0.44665037, 1, 1, 1
0.44666055, 1, 0, 1
0.44666079, 1, 1, 1
0.44666584, 1, 0, 1
0.44666600, 1, 1, 1
0.44668138, 1, 0, 1
0.44668603, 0, 0, 1
0.44669094, 1, 0, 1
0.44669791, 1, 1, 1
0.44670118, 1, 0, 1
0.44670131, 1, 1, 1
0.44670808, 1, 0, 1
0.44670826, 1, 1, 1
0.44671035, 1, 0, 1
0.44671057, 1, 1, 1
0.44671271, 1, 0, 1
0.44671289, 1, 1, 1
0.44672305, 1, 0, 1
0.44672331, 1, 1, 1
0.44672834, 1, 0, 1
0.44672852, 1, 1, 1
0.44674394, 1, 0, 1
0.44674857, 0, 0, 1
0.44675346, 1, 0, 1
0.44676042, 1, 1, 1
0.44676364, 1, 0, 1
0.44676382, 1, 1, 1
0.44677049, 1, 0, 1
0.44677077, 1, 1, 1
0.44677294, 1, 0, 1
0.44677309, 1, 1, 1
0.44677527, 1, 0, 1
0.44677540, 1, 1, 1
0.44678559, 1, 0, 1
0.44678582, 1, 1, 1
0.44678685, 1, 0, 1
0.44678690, 1, 1, 1
0.44679084, 1, 0, 1
0.44679103, 1, 1, 1
0.44680647, 1, 0, 1
0.44681108, 0, 0, 1
0.44681597, 1, 0, 1
0.44682294, 1, 1, 1
0.44682621, 1, 0, 1
0.44682634, 1, 1, 1
0.44683302, 1, 0, 1
0.44683328, 1, 1, 1
0.44683546, 1, 0, 1
0.44683560, 1, 1, 1
0.44683774, 1, 0, 1
0.44683791, 1, 1, 1
0.44684808, 1, 0, 1
0.44684833, 1, 1, 1
0.44685062, 1, 0, 1
0.44685065, 1, 1, 1
0.44685341, 1, 0, 1
0.44685354, 1, 1, 1
0.44686889, 1, 0, 1
0.44687359, 0, 0, 1
0.44687848, 1, 0, 1
0.44688545, 1, 1, 1
0.44688867, 1, 0, 1
0.44688885, 1, 1, 1
0.44689559, 1, 0, 1
0.44689580, 1, 1, 1
0.44689794, 1, 0, 1
0.44689811, 1, 1, 1
0.44690022, 1, 0, 1
0.44690043, 1, 1, 1
0.44691060, 1, 0, 1
0.44691085, 1, 1, 1
0.44691589, 1, 0, 1
0.44691606, 1, 1, 1
0.44693139, 1, 0, 1
0.44693611, 0, 0, 1
0.44694099, 1, 0, 1
0.44694796, 1, 1, 1
0.44695123, 1, 0, 1
0.44695136, 1, 1, 1
0.44695811, 1, 0, 1
0.44695831, 1, 1, 1
0.44696043, 1, 0, 1
0.44696063, 1, 1, 1
0.44696278, 1, 0, 1
0.44696294, 1, 1, 1
0.44697305, 1, 0, 1
0.44697336, 1, 1, 1
0.44697843, 1, 0, 1
0.44697857, 1, 1, 1
0.44699392, 1, 0, 1
0.44699862, 0, 0, 1
0.44700351, 1, 0, 1
0.44701048, 1, 1, 1
0.44701373, 1, 0, 1
0.44701388, 1, 1, 1
0.44702058, 1, 0, 1
0.44702082, 1, 1, 1
0.44702295, 1, 0, 1
0.44702314, 1, 1, 1
0.44702526, 1, 0, 1
0.44702545, 1, 1, 1
0.44703563, 1, 0, 1
0.44703587, 1, 1, 1
0.44704092, 1, 0, 1
0.44704108, 1, 1, 1
0.44705648, 1, 0, 1
0.44706114, 0, 0, 1
0.44706602, 1, 0, 1
0.44707299, 1, 1, 1
0.44707609, 1, 0, 1
0.44707639, 1, 1, 1
0.44708311, 1, 0, 1
0.44708334, 1, 1, 1
0.44708541, 1, 0, 1
0.44708564, 1, 1, 1
0.44708776, 1, 0, 1
0.44708797, 1, 1, 1
0.44709816, 1, 0, 1
0.44709839, 1, 1, 1
0.44710335, 1, 0, 1
0.44710360, 1, 1, 1
0.44711894, 1, 0, 1
0.44712362, 0, 0, 1
0.44712854, 1, 0, 1
0.44718619, 0, 0, 1
